Rank,countdown,Metropolitan Statistical Area,R_0 (median),R_0 (minimum),R_0 (maximum),HIT (median),HIT (minimum),HIT (maximum),p_vac^d (median),p_vac^d (minimum),p_vac^d (maximum),p_vac^i (median),p_vac^i (minimum),p_vac^i (maximum)
1,15135539,"New York City-Newark-Jersey City, NY-NJ-PA MSA",13.4979693010812,12.8905685194742,14.4552363886753,0.925914781868714,0.922423902523053,0.930820916855885,0.787645442099115,0.783619241503805,0.793303925721748,0.787552971266177,0.783509756686727,0.793275914374801
2,5959052,"Los Angeles-Long Beach-Anaheim, CA MSA",4.21633302616376,3.75204887805512,8.48941889955367,0.762827083678005,0.733478951767187,0.882206307424343,0.4509377104036,0.417091412833716,0.588614096173521,0.447370863968986,0.427040027419727,0.461385091291314
3,4670847,"Chicago-Naperville-Elgin, IL-IN-WI MSA",4.76369579669302,4.21511401707584,5.301396819772,0.790078954937844,0.762758493376715,0.811370468199925,0.493823276521958,0.46232614076389,0.518369775570298,0.493603796874455,0.462530351814841,0.520240993574966
4,4156714,"Dallas-Fort Worth-Arlington, TX MSA",4.90285043713147,4.03889857141737,6.5929133684171,0.796037017073465,0.752407746241305,0.84832198693973,0.546647531233018,0.496574966319157,0.606654093289013,0.548876121690302,0.499194631042172,0.555063996614276
5,3495260,"Houston-The Woodlands-Sugar Land, TX MSA",3.86643723249522,3.40451761925156,4.59765930282861,0.741363963807413,0.706272631886147,0.782498020376418,0.492855648462452,0.452321234988286,0.540370084807553,0.494648977450164,0.391052806104027,0.49117558998077
6,4047105,"Washington-Arlington-Alexandria, DC-VA-MD-WV MSA",8.57034066143908,7.62313421192083,9.80581175211188,0.883318523789918,0.868820360208767,0.898019661678226,0.644393455288512,0.627843323938848,0.6611752884965,0.644351687703694,0.628693557631124,0.659055299200088
7,3825518,"Miami-Fort Lauderdale-West Palm Beach, FL MSA",5.43823351225109,4.71437210841138,7.70677759117622,0.816116759652334,0.787882675146537,0.870244082151153,0.620372160115184,0.587267399033659,0.683837015118297,0.620239772734442,0.588066259274047,0.629022138569601
8,3197833,"Philadelphia-Camden-Wilmington, PA-NJ-DE-MD MSA",4.5108716175296,4.12198306386419,4.95660413441942,0.778313353872914,0.757398323936212,0.798248967865752,0.524010935853648,0.500173978845043,0.546731647950431,0.524025737703701,0.494443482544916,0.517434657898825
9,3465181,"Atlanta-Sandy Springs-Alpharetta, GA MSA",4.32084149245695,3.70037732104341,5.41051952273587,0.768563599996497,0.729757288719404,0.8151748652236,0.57415849457014,0.529646596933971,0.627622887299109,0.575576546052235,0.534487735623187,0.586900905383462
10,4641431,"Phoenix-Mesa-Chandler, AZ MSA",6.61978770471811,4.84142426165442,8.17395251611544,0.848937753806323,0.793449211233085,0.877660165259287,0.938003244017739,0.874416851686078,0.970917327514327,0.937914454939673,0.874205586351578,0.970117909592475
11,2687379,"Boston-Cambridge-Newton, MA-NH MSA",8.78904593567371,5.57327083802747,22.7439594119322,0.886222007790275,0.820572150706043,0.956032281719806,0.551481288498986,0.476228228650859,0.631503347271981,0.550584318120983,0.470775630200267,0.627173699163735
12,1173418,"San Francisco-Oakland-Berkeley, CA MSA",3.06886471055133,2.89953027452594,3.24711470591061,0.674146600023842,0.655116551537474,0.692034285644503,0.247481446339476,0.225812601192532,0.267849523174855,0.247985320728257,0.229055338797506,0.260171116581981
13,2451864,"Riverside-San Bernardino-Ontario, CA MSA",3.94601591882199,3.37059965537684,4.76206139453814,0.746579836328047,0.703316886535372,0.790006907271932,0.526422663472322,0.476754748999917,0.576278996795971,0.527210969878156,0.486759791209066,0.509202933403269
14,2558011,"Detroit–Warren–Dearborn, MI MSA",7.25500602205908,5.78563567819058,9.45078088085867,0.862164139222012,0.827158145513797,0.894188637679097,0.592182864696573,0.552300818406733,0.628668117494145,0.591890912658477,0.544021387695434,0.530278651483559
15,2700472,"Seattle-Tacoma-Bellevue, WA MSA",18.365341564863,10.1150252927149,20.6216439644712,0.945549610582075,0.901137172566417,0.951507260928232,0.678536646631572,0.628477359832973,0.685251786368303,0.678536961292083,0.628226527744703,0.685442329654644
16,1686863,"Minneapolis-St. Paul-Bloomington, MN-WI MSA",4.48655493858539,3.27632475893006,6.54007858702695,0.777111834427843,0.694779952056228,0.847096638565839,0.461127699938044,0.367167688070594,0.540996796063732,0.461533634729141,0.376086523319282,0.426014794915236
17,1975325,"San Diego-Chula Vista-Carlsbad, CA MSA",10.4272292222263,6.91035751467761,15.9257278959921,0.904097245904172,0.855289686839502,0.937208521548854,0.591710352682716,0.536295369742707,0.629304135492891,0.591274829659387,0.52772907391059,0.622327107891702
18,1675811,"Tampa-St. Petersburg-Clearwater, FL MSA",4.46326866942792,3.53882977457221,5.77185560128105,0.775948957128728,0.717420711449483,0.826745492423952,0.522753769894751,0.455492290003978,0.581129859894187,0.524537930558917,0.464914894908209,0.525743819457235
19,1573216,"Denver-Aurora-Lakewood, CO MSA",3.7216187033201,3.36262384800759,4.23453847204226,0.731299716677615,0.702613183870531,0.76384675529522,0.529097786157092,0.496656044843827,0.565905392515309,0.53019499250336,0.480003033569834,0.539097249794019
20,1642832,"St. Louis, MO-IL MSA",5.91036828357084,4.81786557356685,7.56624549774279,0.830805805658555,0.792439206795954,0.867834053190803,0.585576334195557,0.54162009274798,0.627999239461075,0.586050018798007,0.539499933204007,0.625540395438215
21,1483747,"Baltimore-Columbia-Towson, MD MSA",4.31508860393594,3.78628681974774,5.32516001023278,0.768255048323257,0.73588899953791,0.812212215580676,0.528788071569634,0.492133499155176,0.578569593591592,0.529899608535311,0.444539673608322,0.553231690946606
22,1641382,"Charlotte-Concord-Gastonia, NC-SC MSA",4.94352741491544,4.83945958173968,5.18118717985572,0.797715291922356,0.793365357616951,0.806994041078468,0.622097530650671,0.617123655443211,0.632707194416508,0.622470491818348,0.615580265933992,0.635789795895103
23,1807643,"Orlando-Kissimmee-Sanford, FL MSA",14.2673272046354,12.743928051998,16.195791373103,0.929909787190196,0.921531258186661,0.938255564241168,0.693075563284744,0.68340758259532,0.70270575151146,0.693048584876004,0.684153395518322,0.703328787610032
24,1731638,"San Antonio-New Braunfels, TX MSA",10.8987078381736,4.8051068922658,26.9618734126852,0.908246003576917,0.791888084402539,0.96291058916071,0.678818063542503,0.544769413363414,0.741793699082402,0.678438335610671,0.532705759049034,0.742419583340084
25,1058763,"Portland-Vancouver-Hillsboro, OR-WA MSA",3.37676470063384,2.95774851137114,4.04690262212294,0.703858548446596,0.661904994236165,0.752897439505126,0.424431324252791,0.377328926568714,0.479488622546022,0.42479448665886,0.3806668544938,0.432184004792937
26,871961,"Sacramento-Roseville-Folsom, CA MSA",2.88252446203255,2.60140038184987,3.68631938986733,0.653081868628836,0.615591660946518,0.728726706983469,0.367248832247478,0.324833516060742,0.452831173212197,0.368891806130843,0.331291837764344,0.378001438084375
27,1236088,"Pittsburgh, PA MSA",6.25786046246715,5.70190072540241,7.21027138687288,0.84020097507803,0.824619885866318,0.861308965177009,0.533347894603781,0.515809491473682,0.557107494115205,0.533016800527919,0.515729470873928,0.541946542389296
28,1304109,"Las Vegas-Henderson-Paradise, NV MSA",5.20518074212832,3.96655273652146,8.52851685094962,0.807883712489277,0.747891918644458,0.882746318325131,0.575233353492101,0.505833404284733,0.661836215476501,0.575329902140079,0.507322503351578,0.658027822066869
29,1542818,"Austin-Round Rock-Georgetown, TX MSA",31.6613947443248,19.1862627009224,46.30715633115,0.968415794437507,0.947879375176494,0.978405065669573,0.692743410361546,0.669178410610554,0.704205835777798,0.692752790008918,0.669806625136592,0.704239482987446
30,1369036,"Cincinnati, OH-KY-IN MSA",9.47820650536864,5.20784849069072,23.9061916929061,0.894494807700847,0.807982125096852,0.958169832617182,0.615752256481998,0.517684209137535,0.687932255647421,0.616347192125858,0.464451326194831,0.65638084471045
31,1252021,"Kansas City, MO-KS MSA",4.29146319005703,3.39077116723103,6.24800047426585,0.766979243276065,0.705081838118666,0.839948795759734,0.579146371840548,0.509031192159827,0.661803686320921,0.580179079263106,0.508714904568923,0.531435979881396
32,1182815,"Columbus, OH MSA",7.07010089283346,5.60461429386362,8.68898447248126,0.8585593027373,0.821575589760944,0.884911751981249,0.557334299224644,0.515109624465149,0.587421153920742,0.556796394454718,0.508248739196349,0.568859981638328
33,1167970,"Indianapolis-Carmel-Anderson, IN MSA",5.84708423612077,4.61464894874322,6.4424944008085,0.828974586372054,0.783298792365918,0.844780617911829,0.56300237236533,0.510903593230454,0.581031067084441,0.561612894808186,0.504931349132374,0.524522346814365
34,951572,"Cleveland-Elyria, OH MSA",4.95402467929031,3.92140397831898,6.21283181234745,0.798143920400644,0.744989293240663,0.839042802025867,0.463900015544136,0.403748331958315,0.510182657676683,0.464532716197329,0.407854947690909,0.453061959027912
35,997625,"San Jose-Sunnyvale-Santa Clara, CA MSA",6.73843004454189,3.58441668886742,10.8245870923768,0.851597479918932,0.721014578716301,0.907617723293644,0.501152506789227,0.353370314086319,0.564551269762174,0.500116989160212,0.352981382917179,0.564278497055269
36,1080863,"Nashville-Davidson–Murfreesboro–Franklin, TN MSA",4.79937871061472,4.08423150826729,6.29116404045794,0.791639697490779,0.755155897021067,0.841046904266192,0.558782430866643,0.516408571265929,0.616166092004216,0.555714239225078,0.504256117041133,0.592041955931638
37,841660,"Virginia Beach-Norfolk-Newport News, VA-NC MSA",3.33315640240495,3.12365987769902,3.56442276271978,0.699984075371178,0.679862712602171,0.719449665045634,0.475809431548813,0.452972918620097,0.497901682226312,0.475325906236228,0.44974969205888,0.496497769602789
38,879627,"Providence-Warwick, RI-MA MSA",6.62180877781883,4.79876157215366,10.2993426134742,0.848983860218115,0.791612901586355,0.902906424465213,0.541449030143653,0.47574183670256,0.603206763399697,0.540505831243129,0.47223933352188,0.590863544389857
39,936646,"Milwaukee-Waukesha, WI MSA",8.1794095804163,6.04546049897885,12.2079282374524,0.87774178684067,0.834586629063425,0.918086019138602,0.593793493378185,0.543952363777377,0.640388204512958,0.594627826737207,0.55002085298594,0.585268396859675
40,843732,"Jacksonville, FL MSA",4.72451794502559,3.56706931356292,7.34009749197808,0.788338194153143,0.719657816516842,0.863762027535344,0.539337078383896,0.459934821622156,0.626535529969037,0.541022040898278,0.47118144940749,0.518508598123059
41,938531,"Oklahoma City, OK MSA",12.3145188513978,7.00718659596617,22.7151488444371,0.91879504087271,0.857289371946272,0.955976515635076,0.66389788706464,0.593591195065744,0.706399765994027,0.666120621300502,0.571680393639928,0.672479338124316
42,566438,"Raleigh-Cary, NC MSA",3.21034477806584,2.74978894264812,4.09703778042917,0.688506976935207,0.636335725811388,0.755921215865564,0.405880771126407,0.346496686338184,0.482615233006046,0.407279327649637,0.355838131423802,0.370586154186592
43,954203,"Memphis, TN-MS-AR MSA",6.62166802619432,4.8832615147805,9.32708842921601,0.848980650186003,0.795218831313205,0.892785405907848,0.708312150295298,0.646388681197007,0.758766961798567,0.708893127877035,0.653494932793129,0.708759683696974
44,846776,"Richmond, VA MSA",11.3311747700507,8.09282533422938,16.1564515328561,0.911747897257477,0.876433759694478,0.938105220817432,0.655126529587068,0.615001735724704,0.685074370525281,0.655449974566539,0.617396898201649,0.674252741276531
45,824771,"New Orleans-Metairie, LA MSA",15.4426016363732,8.23854721687618,33.807949080564,0.935244071980422,0.878619376247361,0.970421157532597,0.649154739888812,0.582827683630702,0.690359244428925,0.648572093604321,0.580839768542476,0.690127648409978
46,575024,"Louisville/Jefferson County, KY-IN MSA",4.26020874712838,3.29513496747488,5.06246546842508,0.765269718139034,0.696522294269993,0.802467788425015,0.448948726820326,0.370294191628895,0.491507367765701,0.454525344735806,0.365065159633491,0.344546532175125
47,651495,"Salt Lake City, UT MSA",4.08314226018321,3.39151745951262,4.95544548262675,0.755090580665899,0.705146733891883,0.798201795679946,0.527876632976304,0.470512086721565,0.577393349198852,0.528511795249797,0.432779249151,0.563661813897647
48,675816,"Hartford-East Hartford-Middletown, CT MSA",10.4796735351238,4.45299976460329,36.0087783949942,0.904577180133676,0.775432280965079,0.972228994023885,0.560899694173587,0.413916235103765,0.637896135240526,0.558767940137549,0.41248439622048,0.624020960817173
49,615917,"Buffalo-Niagara Falls, NY MSA",8.10869490090576,5.70815138579614,12.3861264121757,0.87667559179119,0.82481193430007,0.919264508796149,0.545563249593138,0.486859193010744,0.593769302050392,0.546033807306439,0.482504038651722,0.522558881715778
50,809274,"Birmingham-Hoover, AL MSA",14.3863816909298,8.66576355601765,24.7942630736926,0.930489818671329,0.88460335969984,0.9596680894678,0.74199922459774,0.688992307275807,0.775705250784387,0.742156727942435,0.669983970792813,0.758623048487887
51,447789,"Grand Rapids-Kentwood, MI MSA",3.78375735786324,3.28023842634027,4.45821402205917,0.735712439931741,0.695144111485917,0.775694931860154,0.415301504619178,0.369330278068714,0.460608872827553,0.41563122514719,0.362035012388019,0.436839701271418
52,570165,"Rochester, NY MSA",9.27206404549077,5.45307183916574,17.8401306849894,0.892149148766253,0.816617123431664,0.943946598953931,0.53304146528973,0.448136455750288,0.59126660863551,0.532774940574851,0.450314543929566,0.529116038314989
53,548919,"Tucson, AZ MSA",5.01312253134626,3.6812824746787,7.0725195452353,0.800523527253292,0.72835553726768,0.858607672470316,0.523550917723208,0.440480108564682,0.590410157441836,0.524137559767682,0.407770542061576,0.578062803728888
54,476667,"Fresno, CA MSA",3.62877838276279,2.75474051543794,5.44051388133588,0.724425166124738,0.636989402669375,0.816193833558521,0.475504291651206,0.374422352443821,0.581595374934537,0.477095037718982,0.390364521653969,0.371343983662316
55,514533,"Tulsa, OK MSA",4.33162856666271,3.18669772421438,5.4946042420819,0.769139947109905,0.68619552698663,0.818003270855937,0.513694523719399,0.418544570437856,0.569748239746419,0.515240764717638,0.427805662670641,0.47539461775687
56,634480,"Urban Honolulu, HI MSA",8.0155112653565,3.64958863620835,16.0677045464734,0.875241894509954,0.725996516407688,0.93776335648271,0.648984594996294,0.480629611601673,0.719511400087829,0.651040425924264,0.480497188463454,0.719396056853657
57,307785,"Omaha-Council Bluffs, NE-IA MSA",2.8254058341115,2.69480390910572,3.13830620022768,0.646068544232879,0.62891548560509,0.6813567777652,0.323478388449151,0.303723914474572,0.36411839942619,0.324173683549593,0.278483675531443,0.376043498682534
58,500490,"Worcester, MA-CT MSA",5.35680128739369,4.23324947296473,9.13507939674687,0.813321430766281,0.76377484804843,0.890531876454614,0.528274507815077,0.471880062619616,0.616156254830477,0.521543613629603,0.466457478741496,0.518092027565707
59,460299,"Bridgeport-Stamford-Norwalk, CT MSA",5.42577297973965,4.09220857240635,8.11860125915125,0.815694463492281,0.755633178928617,0.876826072856725,0.487949912836347,0.418908740427681,0.558221436537709,0.485495438243398,0.411918191520068,0.450278433048894
60,629168,"Greenville-Anderson, SC MSA",9.09747189201349,5.04878467890692,19.9637475566108,0.890079352608071,0.801932531569854,0.949909204313252,0.682967273389032,0.581673746683229,0.751720480936647,0.683523480231185,0.583733590376639,0.749327903777733
61,461481,"Albuquerque, NM MSA",5.89672382975755,3.36213506515314,12.1396944338495,0.83041430650804,0.7025699501592,0.917625603720991,0.501447064537322,0.357323289907589,0.599763655927475,0.502692478554503,0.361756702440171,0.512463531574838
62,601349,"Bakersfield, CA MSA",6.69655579155616,4.00298203404537,14.2211362381235,0.850669503678156,0.750186238285609,0.929682130650064,0.666543012009121,0.549467024637162,0.758602931453921,0.668015195720675,0.562619019862755,0.698705970300848
63,395253,"Albany-Schenectady-Troy, NY MSA",6.58664612684025,5.19680593939618,10.0926094806556,0.848177664209855,0.807574111548181,0.9009175969885,0.448956145213736,0.403245920877084,0.508329131092566,0.448772651004299,0.401287346032656,0.507855230668548
64,468346,"Knoxville, TN MSA",4.85686183614513,4.2543220937161,5.56866136366975,0.794105734579904,0.764944924720894,0.820423628823247,0.538918700839345,0.505627108280271,0.568964663773789,0.538715792857248,0.505925495557739,0.571906228830217
65,573327,"McAllen-Edinburg-Mission, TX MSA",15.232914686704,6.65166555926835,29.5245182896871,0.934352681639263,0.849661713883583,0.966129845364851,0.655891152859395,0.55646659366311,0.69319655365537,0.659977167980348,0.559258622461347,0.669097729534197
66,605550,"Baton Rouge, LA MSA",11.865146806557,4.69866197758249,32.5350461003074,0.915719542597874,0.787173453895802,0.969263913230154,0.706882689699591,0.557169853370208,0.769243821631107,0.708341337706007,0.56791508960686,0.747626449809487
67,454693,"New Haven-Milford, CT MSA",7.28257529914484,4.02661985157187,15.2768982815881,0.862685937470852,0.751652741787971,0.934541686305183,0.531955431670637,0.405172773725518,0.614003532419464,0.531109690126296,0.39923072632946,0.55001338747493
68,396207,"Oxnard-Thousand Oaks-Ventura, CA MSA",4.876893102805,3.08795286231696,8.68833535991346,0.794951421136371,0.676160859771131,0.884903153645077,0.467914540099622,0.332784914993173,0.570238695755426,0.468325378774412,0.340777425850931,0.430829233742315
69,320834,"El Paso, TX MSA",3.35514745878218,2.83439086241039,6.19058919290491,0.701950506710971,0.647190508104591,0.838464487169313,0.37753342758679,0.314066302691003,0.535753845195809,0.380078720517196,0.330275049980845,0.29890963256679
70,439912,"Allentown-Bethlehem-Easton, PA-NJ MSA",5.06428294083824,4.39138584684194,5.93512887219609,0.80253867888462,0.772281453992673,0.83151166191443,0.520897795632047,0.486563776858971,0.553774536536408,0.521189803259867,0.477368601925164,0.444867757778241
71,442008,"Columbia, SC MSA",4.21932149835194,3.27111909596692,5.79631219913322,0.762995069138344,0.694294224495545,0.827476511677625,0.525041782333516,0.445413814061924,0.599779236979388,0.527182741659648,0.326660914335562,0.473246284666894
72,284818,"North Port-Sarasota-Bradenton, FL MSA",3.24457560503489,2.6444301593404,4.48806156654682,0.691793281547142,0.621846696738086,0.777186657274531,0.337808329873736,0.257132607611908,0.436300233116609,0.340285487282639,0.272182647604829,0.198866084339236
73,529357,"Dayton-Kettering, OH MSA",14.282922731544,7.99040241878121,25.9870989613508,0.929986318711121,0.874849857668053,0.961519367687511,0.655148346676817,0.59268441651031,0.690872042611158,0.655460124405901,0.542853671335384,0.657502743217837
74,515986,"Charleston-North Charleston, SC MSA",8.47382937335787,7.50666398147806,9.79179235182928,0.881989599277978,0.866785032277001,0.897873651312348,0.643276193763242,0.625601615235755,0.661740640991375,0.642973664819073,0.626787166754707,0.664338281442377
75,483555,"Greensboro-High Point, NC MSA",6.69175776149093,4.24566158615254,12.9096829906546,0.850562432825243,0.764465447914748,0.92253876406385,0.626287586938846,0.52849788442705,0.708038928487345,0.626487323808198,0.526329541236361,0.705200297374931
76,369122,"Cape Coral-Fort Myers, FL MSA",4.34401996093664,3.38944274254993,5.99564653199244,0.76979847952071,0.704966250809806,0.833212315858839,0.47860972672967,0.403668362641915,0.551911531892165,0.479019402247799,0.403594007984112,0.530221665173789
77,480548,"Stockton, CA MSA",5.64791228284685,3.97181025904622,9.54834145023429,0.822943425832395,0.74822563647838,0.89526976960219,0.627897150949322,0.541886074252964,0.711155324871951,0.630517590635019,0.542372973523358,0.697054910992354
78,480224,"Boise City, ID MSA",9.96532125460902,7.24656490792121,14.1660614524428,0.899652005745676,0.862003582013472,0.929408748976762,0.640979337419239,0.597352557877305,0.675461282428748,0.640671821932447,0.597740030570997,0.674442975084639
79,490019,"Colorado Springs, CO MSA",5.91217108987959,4.38824877489725,7.45447771044699,0.830857398272558,0.772118662524229,0.865852439454133,0.656531297587872,0.590460806879782,0.695894411447235,0.657045071558882,0.58904033932384,0.593068342895723
80,389175,"Little Rock-North Little Rock-Conway, AR MSA",4.25976565864825,3.09702630860713,6.30108259642143,0.765245302175301,0.677109620534756,0.841297112885343,0.523551844390203,0.422907596642622,0.610397230234844,0.524222739076477,0.432363685121659,0.471630896384984
81,557045,"Lakeland-Winter Haven, FL MSA",15.4694001584028,9.0422408791573,32.8097605854195,0.935356252358834,0.889407945069785,0.969521264948078,0.7681270769932,0.71522101975478,0.807465547074962,0.768573804103428,0.710248717511271,0.802346635036444
82,354797,"Akron, OH MSA",5.46994998537356,4.13155512439287,9.69647373623821,0.817182971933206,0.757960387822019,0.896869725304082,0.503368869735219,0.436639609751085,0.593156206150557,0.504345358474387,0.43654138314519,0.473899325074784
83,349860,"Des Moines-West Des Moines, IA MSA",4.89334556119246,3.94414503033354,7.77250589661518,0.795640837644765,0.746459627546852,0.871341364895524,0.500304718634055,0.443172608195052,0.588243402423471,0.496928957383992,0.435121470262719,0.592430665288633
84,424869,"Springfield, MA MSA",7.6288698337457,5.94671198048467,11.2207801406847,0.868918985145535,0.831839846408956,0.910879636935924,0.609233437846175,0.567184004097749,0.656818729943592,0.607829903592623,0.565297677287687,0.625817859350209
85,346571,"Ogden-Clearfield, UT MSA",3.48436909307093,3.01133461237629,4.76766076133282,0.713003997771472,0.667921327676407,0.790253533114121,0.506783021555385,0.455765425498744,0.594202102576184,0.50546765769817,0.453352978337486,0.58862806652324
86,424784,"Poughkeepsie-Newburgh-Middletown, NY MSA",10.7882219350407,7.75939986559107,14.6916880597924,0.907306319241362,0.871124053751311,0.931934302176156,0.62545569104398,0.583674904698603,0.653894388267048,0.619410740203008,0.581112116188955,0.609267931223392
87,346457,"Winston-Salem, NC MSA",3.81171899476315,3.10379803020471,5.50744454870031,0.737651174870476,0.677814087685968,0.818427586304798,0.512323512313207,0.444307290064603,0.604141256309005,0.512503772943716,0.447133643025089,0.596938382828502
88,290258,"Deltona-Daytona Beach-Ormond Beach, FL MSA",3.38431794959264,2.71482770394953,6.42356540804757,0.704519488152593,0.631652499145636,0.844323216706538,0.431465184961878,0.34830791574599,0.591012003777672,0.434280591059749,0.358959786789921,0.415611204884179
89,337455,"Madison, WI MSA",7.24387715508379,4.57603442910493,11.9027287590486,0.861952380114813,0.78147017565259,0.915985651673379,0.505180374993351,0.413312249364077,0.566857803101488,0.507554145719125,0.345483727920276,0.48799786312662
90,336243,"Syracuse, NY MSA",10.3817788612645,5.88523624429322,20.7327494467663,0.903677393502273,0.830083286636169,0.951767130424857,0.518156500886349,0.435211963928227,0.572356234144051,0.518418070131642,0.432497141818488,0.568000996116994
91,483578,"Provo-Orem, UT MSA",8.80651390184336,4.76789073913833,17.6447775307959,0.886447689614084,0.790263650173174,0.943326006901777,0.745123022108982,0.634807002636492,0.81035826897472,0.745971746208249,0.61049728490144,0.776389226796832
92,354750,"Durham-Chapel Hill, NC MSA",7.20107365072294,4.49123370644902,10.574065250742,0.861131818878202,0.777344029422453,0.905428992890901,0.549397140906664,0.453054702645017,0.600331743432941,0.550539000212548,0.445622097507282,0.591306531487595
93,365574,"Toledo, OH MSA",6.81014219723397,4.4292284753882,9.9802222353353,0.85316018799047,0.774227045284144,0.899801830418218,0.56910293809788,0.479478294581468,0.62206219491044,0.569592805020869,0.482953962622115,0.508393969823948
94,352638,"Wichita, KS MSA",4.50688824081534,2.92972118425941,9.43217626115643,0.778117417924015,0.658670591122211,0.893979928670523,0.550734768114516,0.415117444807441,0.682282537107584,0.550808022017413,0.414568251961603,0.675444877727106
95,453010,"Augusta-Richmond County, GA-SC MSA",9.33108490837311,5.08591352701828,17.4835358043334,0.892831325636886,0.803378489491096,0.942803331591991,0.740552576198699,0.637834628224519,0.797935015135527,0.74388278775417,0.631823620514954,0.756468681568532
96,438026,"Palm Bay-Melbourne-Titusville, FL MSA",29.1381845325361,18.327838647363,50.1888396850497,0.965680771947772,0.94543819272744,0.980075251664009,0.727687046479866,0.704729348514271,0.744012244672264,0.727337185480284,0.704144859537833,0.744033720709325
97,413168,"Jackson, MS MSA",12.2781186666534,4.43183754356909,29.1146014371188,0.918554297514982,0.774359960136384,0.965652973056843,0.694411317060764,0.528061857574832,0.748746593752807,0.694625989258767,0.526686836314749,0.730813034341682
98,273515,"Harrisburg-Carlisle, PA MSA",3.46225432019562,2.98421951528233,6.53679203563058,0.711170842024252,0.664904007604349,0.847019762209165,0.47325618863386,0.42113656265926,0.626290105863459,0.473120225820807,0.403774274749291,0.457435338561606
99,255869,"Spokane-Spokane Valley, WA MSA",3.15559193389411,2.9362103796151,3.60019577914508,0.683102244856494,0.659424948926484,0.722237327816248,0.45005952413024,0.423323055038266,0.494250969769063,0.449878618735607,0.423043943028336,0.494434322971561
100,338250,"Chattanooga, TN-GA MSA",5.20887957753913,3.98429436602789,9.34795765308098,0.808020134634704,0.749014528513128,0.893024761438622,0.596538789225876,0.528884577812723,0.694002765462967,0.598465516405759,0.523023745652255,0.688345743720099
101,275405,"Scranton–Wilkes-Barre, PA MSA",5.16120795438074,4.30295902079769,6.28850059655301,0.80624690792565,0.767601783989424,0.840979580959547,0.49720468800142,0.453469725522032,0.536511901880541,0.497222978600879,0.447110830084312,0.350763660113953
102,256252,"Modesto, CA MSA",3.2571764625542,2.48308160938563,4.80477761212441,0.692985623746088,0.597274613842667,0.791873822114765,0.463813998961102,0.353006016136544,0.578300323966395,0.465353861188472,0.371290028933278,0.340264390339926
103,276669,"Lansing-East Lansing, MI MSA",4.112971650925,3.30202283390153,5.92686912896381,0.756866790031217,0.697155334683606,0.831276854905884,0.502640635751717,0.435509896360898,0.586296320311331,0.502676045545366,0.438068042064525,0.421614525599393
104,296447,"Lancaster, PA MSA",5.37040329438355,4.23831950314537,7.1929562645748,0.81379424501586,0.764057429068792,0.860975103529409,0.542336357017009,0.485919921849917,0.595853571474206,0.543216043349599,0.146945287987567,0.511371491897879
105,296570,"Portland-South Portland, ME MSA",18.9799274905351,6.42750456652134,35.9328217629978,0.947312759730053,0.844418624732115,0.972170290254528,0.55073217961826,0.435065253207295,0.578675406450289,0.550593867734173,0.433627471309193,0.564815523826212
106,275956,"Youngstown-Warren-Boardman, OH-PA MSA",4.96674235977516,3.6176107329908,6.86868429785787,0.798660786575354,0.723574460104151,0.854411710214739,0.513987131383176,0.429241512429698,0.576909993015776,0.514764746824118,0.425562978734952,0.423622366973755
107,360403,"Fayetteville-Springdale-Rogers, AR MSA",7.14970532397445,3.61776664266062,15.5624360340268,0.860134095786187,0.723586372816858,0.935742707773158,0.673719723442328,0.515874993379022,0.76112082168126,0.673769617399219,0.507119044017228,0.76128753174754
108,350506,"Fayetteville, NC MSA",4.36080127191723,2.74819653987204,7.11855036631427,0.770684344998746,0.636125005802329,0.859521960435638,0.663888977677086,0.511517442924512,0.764486408436754,0.665451381017887,0.51841816564826,0.665220105033324
109,170126,"Lexington-Fayette, KY MSA",3.39662458083188,2.89713023396945,4.13591638981459,0.705590071495306,0.654830843199663,0.758215615174747,0.327359723076351,0.269097878650828,0.387763739087039,0.329026845767541,0.272808328025963,0.274379482522198
110,274292,"Pensacola-Ferry Pass-Brent, FL MSA",3.85584328109732,3.03842564088477,4.84196996612756,0.740653359823428,0.670882187622401,0.793472490123733,0.543578571508229,0.462390241272287,0.605040875470113,0.545713969407555,0.477877293166831,0.545694122567191
111,274314,"Myrtle Beach-Conway-North Myrtle Beach, SC-NC MSA",6.09651795431105,4.10760296652211,12.4408310059821,0.835971942099692,0.756549012124535,0.919619517416549,0.54564955330921,0.454157092195475,0.642008659354904,0.552047814294889,0.451327320913952,0.641222311046601
112,130851,"Santa Rosa-Petaluma, CA MSA",3.08540562546301,2.45857368928914,14.6914946116929,0.675893505947071,0.593260106721009,0.931933405931068,0.263519332201961,0.169325593097538,0.555378989015023,0.264698607945474,0.180913487920428,0.491413999063228
113,258876,"Port St. Lucie, FL MSA",10.4909291887886,5.61154422239483,25.3135591987282,0.904679558692601,0.821795933459965,0.9604954802227,0.528043673440138,0.430527015013385,0.593713848210461,0.529075601086252,0.441757687104048,0.545034377107891
114,324914,"Lafayette, LA MSA",6.36400017363424,3.77218640025523,15.6067055236486,0.842866126223102,0.734901753547402,0.935924977985602,0.662894625134024,0.536602175558214,0.77175118635446,0.66416335618216,0.55188887109965,0.722668229958974
115,204812,"Reno, NV MSA",3.5045222626774,2.88030755508805,4.40957826998231,0.714654402213437,0.652814853666059,0.773220943415976,0.430373691053572,0.359753865731996,0.497255791692509,0.430599966575451,0.369756966987162,0.365231795976304
116,291079,"Huntsville, AL MSA",5.55957442632567,3.47137633652772,9.30391583617205,0.820130117286531,0.711929821760478,0.892518374240643,0.61625701913703,0.492622294125992,0.698971231691053,0.616922128572055,0.475712651695076,0.604840552572264
117,247673,"Springfield, MO MSA",3.79298643970676,2.74427799481346,6.30942181851103,0.736355503533698,0.63560542995646,0.841506871982132,0.523733069376753,0.409036248370562,0.643440452778711,0.526626024526287,0.400865546561911,0.542922745784194
118,217073,"Visalia, CA MSA",3.22535590066875,2.62724042804603,5.28082406883603,0.689956696005964,0.619372483262319,0.810635615395456,0.463965203670053,0.381814515255632,0.604419505270913,0.465626534106857,0.383092265812485,0.408369522192607
119,292122,"Asheville, NC MSA",9.07300955313648,5.1562265635761,18.6810465215287,0.889782988307964,0.806059724554374,0.946469808377836,0.631092655116332,0.536426409029729,0.695188680737066,0.631367807878538,0.540096643941177,0.642458363173693
120,320300,"Killeen-Temple, TX MSA",4.86913679590607,3.05267336428273,12.4949167719624,0.794624788352467,0.672418277140187,0.919967454105503,0.694538928392186,0.55611152649504,0.836518757412226,0.695844029155321,0.5627929218087,0.79632564575884
121,230561,"York-Hanover, PA MSA",4.08748398262617,3.08556282379554,8.05678074004442,0.755350723268765,0.675910018007702,0.875880946464172,0.511050421734757,0.421510213538582,0.646903964869626,0.51343136740458,0.170605753257561,0.501837844448464
122,310944,"Vallejo, CA MSA",17.7403350435825,4.6655259382057,71.7116629888854,0.943631278803737,0.785661892518684,0.98605526690749,0.694395046655604,0.515249681478917,0.742506019419556,0.694623656599449,0.518710458415666,0.74190896702596
123,253508,"Santa Maria-Santa Barbara, CA MSA",8.88953664921443,3.57602509359767,38.1779898312,0.887508197619235,0.720359904132007,0.973806897523379,0.565417070051293,0.373558081215929,0.664473907282365,0.567766966752588,0.366555541610931,0.662369966627898
124,259841,"Salinas, CA MSA",9.09725313564244,5.62853076790613,15.1175437934399,0.890076709410001,0.822333741923914,0.933851688232983,0.597189567549494,0.51928265248263,0.647532410264735,0.598625790089363,0.523768230162741,0.621091907855577
125,229056,"Salem, OR MSA",4.37675028586488,3.38727738955658,5.45757963494605,0.771519978366234,0.704777647356803,0.816768592143523,0.527520859887604,0.452141754346363,0.57862485913257,0.527895327575775,0.44627559761348,0.438855388148722
126,259864,"Mobile, AL MSA",4.53723328633409,3.28107443448784,7.38556294235647,0.779601370065774,0.695221787872638,0.864600707108599,0.602421432306086,0.504801687994135,0.700758178390151,0.604986097284058,0.515544297424836,0.566421176762421
127,258066,"Corpus Christi, TX MSA",7.93624814247147,3.57516642263428,24.4549215636904,0.873995875374861,0.720292741152124,0.95910843560076,0.598364299337055,0.413556846598254,0.700700764568999,0.601518272426007,0.438386821794187,0.66164297792408
128,289405,"Brownsville-Harlingen, TX MSA",28.5209964803917,9.99204469600047,95.6976266506337,0.964938111447561,0.899920383622756,0.98955042005743,0.682291053298377,0.603637489632018,0.71206517563373,0.683906875905498,0.606573369602317,0.705998053830246
129,197588,"Reading, PA MSA",3.17298114243682,2.80223563755416,3.60528719238228,0.684838971582413,0.643142073208085,0.722629586316194,0.468381021834479,0.421013496738286,0.511311022903936,0.469147081634369,0.40605735875626,0.405784182214172
130,353890,"Gulfport-Biloxi, MS MSA",11.4128402506689,5.81485656025525,31.4675640888176,0.912379392155131,0.828026712329409,0.968221245305881,0.847016940889343,0.752045673166367,0.909888346951179,0.847305554755593,0.754260640931508,0.892134312738539
131,274804,"Manchester-Nashua, NH MSA",7.08716256433576,3.72070436502349,14.5509051921386,0.858899807797237,0.731233685374063,0.931275753171681,0.658129311792475,0.514262829654474,0.739689497492478,0.658962547895705,0.503604801049941,0.729661762796448
132,208523,"Salisbury, MD-DE MSA",5.823884410128,3.9989264478818,7.23785081465942,0.828293295405906,0.749932884979744,0.861837439647883,0.500676081525724,0.410218871729811,0.539398564940741,0.501586518740833,0.405167877530635,0.462324253612106
133,241745,"Fort Wayne, IN MSA",5.48662449560818,3.4349298449992,9.93014192324038,0.817738574819462,0.708873239010728,0.899296504749886,0.584640931732214,0.461043032646812,0.677235959509147,0.584965001344019,0.258184722409162,0.571926124806589
134,272066,"Flint, MI MSA",9.11304223498267,4.51249342718187,17.8982194153714,0.89026716060184,0.778393029012229,0.944128520452645,0.669437205132951,0.543244783127632,0.73019204948791,0.670420284183637,0.467087416326165,0.680337658895475
135,168200,"Peoria, IL MSA",3.28543464762983,2.71479278330266,4.49505772175205,0.69562626950397,0.631647761055465,0.777533446309066,0.419001980284628,0.346506366561881,0.51181300690558,0.419910750054046,0.342531107124486,0.340911622283682
136,171680,"Canton-Massillon, OH MSA",3.40181124953459,2.77503581597675,4.50669704610775,0.706038952003345,0.639644290627643,0.778108004649734,0.431801030163104,0.357233726675272,0.512741196276076,0.431875236478181,0.361322389193637,0.367073468681655
137,229317,"Anchorage, AK MSA",7.7547748734798,5.73692945582808,13.4598976796555,0.871047191399475,0.82569072747023,0.92570523017337,0.578364233513694,0.527052278375497,0.640199098724595,0.578618022333647,0.525689844746534,0.639865300929046
138,242398,"Shreveport-Bossier City, LA MSA",5.17781634472086,3.81306550377591,7.69290379176899,0.806868391340383,0.737743818193067,0.870010073300286,0.613327594507017,0.533216647327571,0.68650475449513,0.614121080842214,0.528963787827084,0.643024014752112
139,250251,"Savannah, GA MSA",6.36624899416991,3.51111413386162,13.3328630402339,0.842921632359058,0.715190118613383,0.924997354508004,0.635056973732812,0.487734383573287,0.729721223937126,0.636198147281435,0.498784547281477,0.672979409529544
140,320701,"Beaumont-Port Arthur, TX MSA",18.2387563821962,8.59687134004664,48.1630361586343,0.945171700359124,0.883678612783034,0.979237189351886,0.815702469994401,0.745007749407467,0.854865412057128,0.816939770756589,0.744283125775722,0.841577051325622
141,201541,"Tallahassee, FL MSA",4.42348303624178,3.45231451134992,8.87628887730259,0.773933800173538,0.710339253068522,0.887340304735115,0.512730926468853,0.438123050706,0.645777214054762,0.520472198695146,0.354358865274306,0.563011250877567
142,159455,"Naples-Marco Island, FL MSA",4.31981544894589,3.00334632784531,6.6254797445172,0.768508629172106,0.667038066596392,0.849067533437479,0.414272971237305,0.295272663565412,0.508748986250398,0.413552438053025,0.285958602463123,0.318267662080823
143,190002,"Eugene-Springfield, OR MSA",5.0548287119133,2.30853028571887,16.2364411838082,0.802169359835441,0.566823963200204,0.938410148586179,0.497236234324375,0.234687406034896,0.649225013213389,0.497298579036563,0.236595763913584,0.587462020332898
144,180248,"Davenport-Moline-Rock Island, IA-IL MSA",4.38378707496229,3.98678362887398,5.4443086168764,0.771886731061499,0.749171238499733,0.816321948226782,0.474744734853777,0.448836505938957,0.525425466300282,0.475370538696557,0.451277433995248,0.476455855326728
145,238461,"Montgomery, AL MSA",4.90625698028803,3.07385590618782,12.5482154193301,0.796178633932605,0.674675706825765,0.920307392997132,0.637468050181412,0.495922425140983,0.782072655236169,0.638807933907718,0.483162989702691,0.776373953705496
146,269631,"Hickory-Lenoir-Morganton, NC MSA",12.288373466263,5.37035446561757,29.7524350204356,0.918622264960823,0.813792551981016,0.966389305637903,0.728906694397767,0.609334336147442,0.783391415742926,0.729299728318632,0.607426588721917,0.782660355813921
147,151481,"Ann Arbor, MI MSA",4.7253441337469,3.29754839202423,7.72287392349241,0.788375201531182,0.696744404898289,0.870514524786158,0.412077721873917,0.308398996788429,0.505017002414928,0.410203125992326,0.314129953622288,0.318072715563781
148,208982,"Trenton-Princeton, NJ MSA",8.13894548892591,6.1248114467688,12.7092002441347,0.877133960245755,0.836729667730823,0.921316842854726,0.568766168895214,0.522164308570732,0.619726212888444,0.567632854868636,0.520598817900207,0.589298873517051
149,244590,"Ocala, FL MSA",9.9859110062932,7.52843733434955,13.5588317140403,0.899858911283128,0.867170309642167,0.926247333023207,0.668928745436705,0.631227207902205,0.699363943725004,0.66904668565861,0.632617117206024,0.698721988249517
150,210172,"Fort Collins, CO MSA",5.76137793698384,5.10682399717736,8.03596424551916,0.826430411103439,0.804183578570023,0.875559426417608,0.588883003926927,0.563929029363572,0.643990363441186,0.588672955926698,0.399706436075399,0.636294784669227
151,188852,"Huntington-Ashland, WV-KY-OH MSA",4.37345468826985,4.09167974444191,4.65681665631552,0.77134780824822,0.755601595809548,0.785261032631849,0.530547433028012,0.512832306883095,0.546200373441365,0.53066977947081,0.513226330645073,0.546916469995668
152,147305,"Lincoln, NE MSA",4.49336804166889,3.81776464904038,6.35888229003882,0.77744979028502,0.738066619624822,0.842739658577027,0.436490730029242,0.391443796497951,0.511170048832518,0.437918118276296,0.352842163463102,0.516207333184722
153,170063,"Rockford, IL MSA",4.4738941829207,3.88695558698346,7.00737263959332,0.776481079097144,0.742729244617877,0.857293160870343,0.505964883307272,0.467399051203423,0.598303128789667,0.505835380728033,0.469340125496385,0.599842834631502
154,198011,"Gainesville, FL MSA",5.75809568391229,3.45772815158339,12.3781505808382,0.826331472261927,0.710792764450822,0.919212487077994,0.600530839930694,0.467623390114023,0.707374503404671,0.601622477833629,0.47836264385176,0.645169414749147
155,210788,"Boulder, CO MSA",9.422619749536,4.36867677453105,17.9290606051592,0.893872402093988,0.771097737001304,0.94422462938676,0.645612826111529,0.506879818801369,0.702509873330656,0.646198205449434,0.471340661135623,0.658219298484069
156,230158,"Greeley, CO MSA",6.27221485136871,4.10537127449188,8.8578768782547,0.840566685979869,0.756416671443737,0.887106130086893,0.709001249811852,0.613837701822215,0.761631765054226,0.709284584851937,0.611124938491575,0.7557222532487
157,140755,"South Bend-Mishawaka, IN-MI MSA",3.77855744354035,2.83734872752263,5.86806969956166,0.735348736934103,0.647558303179346,0.829586209571659,0.434064671967602,0.333398637847709,0.542123286444953,0.434947766130553,0.327685907752466,0.518893401796826
158,181837,"Green Bay, WI MSA",6.7410663482504,5.89655706148893,7.6607499018826,0.851655517341178,0.830409510232486,0.869464476349208,0.563000272207132,0.538373892793134,0.583642747720597,0.563124064827485,0.525881209857364,0.587697351374499
159,186607,"Lubbock, TX MSA",5.50188073683972,4.03643388252664,18.2427629386964,0.818243970047522,0.752256563812699,0.945183741993445,0.57906035238335,0.502155643813473,0.72700170550591,0.575654830837228,0.494184911679821,0.686675624227193
160,195877,"Columbus, GA-AL MSA",3.88835525247395,3.01236767629117,6.75015979697943,0.742821852667975,0.668035211016738,0.851855358972764,0.609063080149487,0.522390175821989,0.735425896446512,0.610117029556906,0.537334739221515,0.600583616467938
161,187290,"Spartanburg, SC MSA",4.00287303287666,2.81923678578525,6.67003764854485,0.750179435673644,0.645294072125457,0.850075808759766,0.584108028045275,0.464527141102198,0.698000915402688,0.585672157430558,0.426420258934675,0.590847023492655
162,148105,"Evansville, IN-KY MSA",5.7674490804313,3.64010124531605,14.4499704136903,0.826613120279994,0.7252823664488,0.930795706055386,0.469469970993973,0.353104401352145,0.589110509351242,0.470045397800078,0.348704355261178,0.587588732169768
163,162382,"Roanoke, VA MSA",5.13124797723877,3.24002927651863,15.613858858062,0.805115635721406,0.691360813543485,0.935954333320769,0.517696246301165,0.389294624234409,0.665381422887207,0.518424422690552,0.39462028906242,0.59690785691015
164,211812,"Clarksville, TN-KY MSA",6.59584319918541,3.51573341910433,20.4177586722592,0.848389361329345,0.715564327327536,0.951023027745026,0.687514835853849,0.537083831363422,0.803752604204325,0.688102241194388,0.539267299379182,0.768718882787296
165,170208,"Kingsport-Bristol, TN-VA MSA",5.18188197504726,4.73974955049782,5.74635230737217,0.807019919632407,0.789018388135093,0.825976559300572,0.553019489859533,0.532662750998452,0.574456297248172,0.554055778183331,0.521705600600721,0.575724187187817
166,196645,"Kennewick-Richland, WA MSA",6.48504604678118,4.28748052092,12.5067502468657,0.845799090278419,0.766762788747219,0.920043178262826,0.655555436650636,0.564117220129075,0.741449473454524,0.656332034518224,0.574428906753752,0.676219923236341
167,161783,"Wilmington, NC MSA",5.13288786826835,3.085106728594,9.61558246100166,0.805177898745456,0.67586210527772,0.896002139854164,0.543747816872059,0.396604808676413,0.647092904857437,0.539758516659409,0.402715511837621,0.540216256512256
168,178287,"Olympia-Lacey-Tumwater, WA MSA",7.72717724600508,4.73214876790955,15.6066426770429,0.870586636210914,0.788679509236614,0.935924719961009,0.613249770816281,0.521714825435013,0.686268055650739,0.6136455456233,0.522715787636205,0.670206773203046
169,121525,"Utica-Rome, NY MSA",3.93981738223896,3.05439803674819,5.78228562542102,0.746181128976158,0.672603246869347,0.827058007026903,0.418797347136684,0.33582711763081,0.509998302389073,0.4190661659585,0.33916065118921,0.499228459804946
170,101232,"Duluth, MN-WI MSA",3.78387936887968,2.72920579437152,6.58901194762938,0.735720961871975,0.63359303938812,0.84823217685016,0.350606849978702,0.23573808909732,0.477154257734361,0.346969023105303,0.235053899755195,0.188770108791882
171,165427,"Hagerstown-Martinsburg, MD-WV MSA",4.57321123366267,3.60468563456621,7.70977795282924,0.781335269921678,0.722583298135417,0.870294578375888,0.574190933718718,0.508086359630668,0.674283186246457,0.57345935068188,0.483576608534665,0.539972036909562
172,159707,"Longview, TX MSA",3.02057564091365,2.35344707730339,5.38163846288369,0.668937275910255,0.575091358695088,0.814182984067614,0.556669501152392,0.450705647785023,0.720670188429373,0.557134636688551,0.456744533999933,0.561373814898147
173,169517,"Crestview-Fort Walton Beach-Destin, FL MSA",4.42130279859197,3.08694671850843,10.6673404237558,0.773822322162946,0.676055309278812,0.906255921319147,0.593672808386429,0.481647273385491,0.745420768766028,0.595192312222692,0.492212847570103,0.678216293009245
174,160050,"San Luis Obispo-Paso Robles, CA MSA",7.91617016296185,3.32150234536887,17.7866485950956,0.87367628797587,0.698931418370278,0.943778053822026,0.564533856977444,0.366598660821531,0.643938802055103,0.565323567562084,0.3256302248865,0.593108775156533
175,193192,"Merced, CA MSA",6.18367729372744,2.77621714815583,18.3982583001031,0.838283928397367,0.639797628703405,0.945647028991087,0.695094789582269,0.465364798504889,0.819357895798991,0.695733832126,0.481910436318141,0.777130533141023
176,133233,"Laredo, TX MSA",5.91281967735675,3.36844939459806,18.8254087218639,0.830875951818805,0.703127497891556,0.946880303382811,0.475460706500091,0.321501293578807,0.615266405231125,0.481589488797985,0.347463998666277,0.553886708291567
177,219566,"Waco, TX MSA",24.8156641355476,18.2467382254352,30.0384827060474,0.959702871761246,0.94519568442068,0.96670937045037,0.801568389797325,0.78484361962676,0.809645908721222,0.801299550862574,0.7851599517928,0.810034664977387
178,133039,"Santa Cruz-Watsonville, CA MSA",6.42177984997408,4.32279847283002,18.3511462634943,0.844279931208785,0.768668373905174,0.945507491159324,0.486939320682535,0.401735905861124,0.601008308141587,0.48542827329791,0.399019467691527,0.556157221346302
179,135437,"Cedar Rapids, IA MSA",6.06071348343201,4.5398386202323,9.22548835952438,0.8350029245346,0.779727852980635,0.891604654298046,0.49604698722537,0.433001775245899,0.560605348725768,0.495188377264243,0.426525578775882,0.399740892282767
180,124051,"Bremerton-Silverdale-Port Orchard, WA MSA",3.55384928350723,2.58042833785041,8.7627296425731,0.718614966413793,0.612467439869679,0.885880308900372,0.455548056026009,0.336886153374344,0.642533324862122,0.456954768344518,0.317297773723438,0.537743536886793
181,141018,"Erie, PA MSA",5.49318956434627,3.06245890505295,8.70946085324589,0.817956400687401,0.673465006060968,0.885182330244091,0.521718544205649,0.359809592016234,0.597048150114871,0.522815324951328,0.356915261653062,0.592675548861276
182,88910,"Sioux Falls, SD MSA",3.49914612909707,3.15380476419665,3.90948864713275,0.714215993529243,0.682922668088896,0.744212072150815,0.331464934040582,0.294950515323947,0.36646566851775,0.329370287555834,0.281186593740081,0.178869819251565
183,92530,"Norwich-New London, CT MSA",3.44975485586168,2.72255384715071,5.03683054816856,0.710124330051789,0.632697806492771,0.80146244936439,0.348897638156101,0.261909739284563,0.451515071054595,0.348463061875513,0.25345117160714,0.0444730907692102
184,101813,"Kalamazoo-Portage, MI MSA",5.73820062051615,4.12875265930156,12.168284684015,0.825729341629389,0.757796099084036,0.917819148222785,0.384102402651466,0.306750811079904,0.488959654279944,0.381775187564402,0.290325202154865,0.366341339394267
185,145332,"Amarillo, TX MSA",3.83903827223929,2.53828797377387,6.88570702700254,0.739518095656623,0.60603366901935,0.854771631137011,0.547030650460537,0.393194596195424,0.679856251057277,0.548311548783667,0.407223103674533,0.517273073141791
186,206666,"College Station-Bryan, TX MSA",62.2072362312347,5.0872824277717,83.2776214319378,0.983924699752247,0.803431396979072,0.987991972119217,0.780672073754214,0.572054269792642,0.785373109284475,0.780668444826437,0.563757183150161,0.784428205367154
187,135389,"Atlantic City-Hammonton, NJ MSA",7.28352057348665,4.23560894059619,11.4779584006154,0.862703758448877,0.763906438477948,0.912876492047019,0.512304590212696,0.399704573058874,0.569486816061205,0.513475880905268,0.200530803656232,0.44854308635983
188,192950,"Lynchburg, VA MSA",7.08607917445702,3.58488325130822,25.0192284447271,0.858878235004109,0.721050887881753,0.960030741866832,0.732071368563211,0.577686905412548,0.845375265027835,0.732023753888216,0.557366596988698,0.81618917741133
189,160416,"Charleston, WV MSA",13.4237290587341,8.08566575793493,25.0351040192934,0.925505051865647,0.876324346078906,0.960056087674757,0.6236154536153,0.567967248509502,0.662710116787893,0.624005611883623,0.56669676743238,0.659104601747929
190,127877,"Tuscaloosa, AL MSA",3.20909797610031,2.58600216208003,7.67440368688691,0.688385955353349,0.61330272083158,0.869696716409553,0.504390683653348,0.417158541910353,0.715038588058686,0.507350564664735,0.360746072590531,0.679541268910602
191,136164,"Yakima, WA MSA",4.64274181488536,3.4670910945092,6.73720353742989,0.784610034356456,0.711573773881024,0.851570463257597,0.542596323409206,0.455593875417619,0.622361103191782,0.542758415927832,0.45354991885419,0.60405193901645
192,167051,"Fort Smith, AR-OK MSA",6.71385155430229,4.13778938285676,12.8324198815971,0.851054198635179,0.758325060201689,0.922072375340984,0.667019551083067,0.560145565890413,0.74887079756164,0.667221294647003,0.555108246631559,0.749995934057193
193,89422,"Fargo, ND-MN MSA",4.4414743619113,3.36898391108637,5.6032240091999,0.774849539023418,0.703174599110051,0.821531318691149,0.362236517865668,0.278980871339477,0.416460794187738,0.36328705078815,0.287661353128629,0.291386308943768
194,89760,"Binghamton, NY MSA",3.74850095658496,2.67156957958908,5.40399725191222,0.73322669206118,0.625688206797963,0.814951793388469,0.375368413298074,0.254467739586133,0.467248262502398,0.376048248075909,0.258285143467392,0.122331909473003
195,110647,"Appleton, WI MSA",3.68405600999222,2.70809962969587,8.75396521493101,0.728560044340338,0.630737366884724,0.885766052817485,0.460708419939575,0.348808777645252,0.6405368255063,0.46495289779566,0.334992892501149,0.523477216582633
196,164198,"Prescott Valley-Prescott, AZ MSA",17.0776368832124,9.1901555662874,31.6854797083673,0.941443889055691,0.891187913764122,0.968439802420415,0.698420525850487,0.641711115827202,0.728883019336511,0.696886098202745,0.64075679044833,0.725342776564977
197,116824,"Lafayette-West Lafayette, IN MSA",4.23527361277586,2.96549092430444,11.0332462998371,0.763887745768429,0.66278770513029,0.909364843961222,0.49972783279785,0.385551560860009,0.664020869864368,0.50138568148907,0.316889796859267,0.575679507289964
198,121418,"Tyler, TX MSA",3.72000281734396,2.71945594693074,10.4189784378985,0.731182999287622,0.632279389879939,0.904021300556439,0.521662625292738,0.408886036006056,0.718744554172141,0.520277616557007,0.40727738569538,0.715208324580997
199,137104,"Topeka, KS MSA",9.47747820067683,3.35961741780248,38.6075436097994,0.894486700066629,0.702347060501282,0.974098326220729,0.590326568100005,0.372167499382372,0.680719150599713,0.591043022564776,0.379229523979466,0.657296459839729
200,147180,"Macon-Bibb County, GA MSA",5.23188630145344,3.2981475463767,18.074364654218,0.808864347888792,0.696799495492982,0.944673020649352,0.630917670415726,0.500872536604668,0.788516209514051,0.63992109384792,0.492101633898373,0.746931448705333
201,120717,"Bellingham, WA MSA",5.29837665960699,3.58399109770442,9.1114451189785,0.811262946323983,0.720981449803123,0.890247925884219,0.526576880450795,0.42541777584355,0.615078401998888,0.526362308080082,0.416641471098558,0.503911761872891
202,142528,"Champaign-Urbana, IL MSA",18.0780238165639,12.8982518475944,23.9501666330655,0.944684219351246,0.922470113638965,0.958246637055986,0.630508534211242,0.604993829913316,0.646086072275719,0.630558859541991,0.606988211229386,0.641174219524439
203,121302,"Daphne-Fairhope-Foley, AL MSA",3.60966920495558,2.40184413061524,8.21113974558052,0.722966304328625,0.583653249079137,0.878214227137197,0.541140505641453,0.381643140398671,0.718881454636061,0.543380976403741,0.395517336616379,0.609172051855251
204,95818,"Hilton Head Island-Bluffton-Beaufort, SC MSA",3.65782154795234,3.29433605004332,4.19668868990633,0.726613234984139,0.696448697154969,0.761716897799651,0.425644548603149,0.390663859688395,0.466352956458495,0.431233054282354,0.355071943647925,0.456239026690074
205,81421,"Rochester, MN MSA",4.99587234501068,3.38095104451887,10.7857466875826,0.799834757387529,0.704225235197895,0.907285046741244,0.364138063364627,0.255317090420166,0.486435976405583,0.366888424714909,0.217942959755713,0.375351541586522
206,132454,"Medford, OR MSA",5.22723455706383,3.29104767034918,9.85812693748889,0.808694255235084,0.696145391934143,0.898560851737752,0.598894432421724,0.473016978759173,0.699403473608825,0.599491232282889,0.474777015599162,0.679711040425226
207,117458,"Burlington-South Burlington, VT MSA",5.58251453645582,4.51294215235678,8.33550476346362,0.820869252830487,0.778415063557202,0.880031260448291,0.532901683836617,0.48541499896584,0.599076722393696,0.532560611138554,0.48478969114338,0.597934215465494
208,141457,"Chico, CA MSA",8.48777070719924,4.22658119444259,22.6003650632984,0.882183433731096,0.763402155549532,0.955752927123114,0.643100019069391,0.508695303937171,0.726346191809353,0.645373124503183,0.510109380554552,0.690871199282208
209,151850,"Charlottesville, VA MSA",6.05807130111169,3.93095249170117,11.6307600846359,0.834930962298761,0.745608729153774,0.914021096409598,0.69423008870082,0.59356614686235,0.783362708652307,0.6945977148388,0.579902759591327,0.728846707328588
210,230696,"Las Cruces, NM MSA",20.9188913231599,6.76208977377095,101.918023658206,0.952196319367419,0.852116722277359,0.990188192783706,1.05721586881624,0.944383257130987,1.10004899789566,1.05728866984532,0.945782515048232,1.09991781612979
211,123863,"Yuma, AZ MSA",6.48568539194625,3.781049360292,11.0136969305445,0.845814291078353,0.735523156480884,0.9092039660882,0.579371565096463,0.445400660848876,0.656371154519716,0.577340598015386,0.445492724227494,0.657423293219269
212,117057,"Athens-Clarke County, GA MSA",4.54102331733043,3.29329111017036,8.5895305725105,0.779785319272952,0.69635238229873,0.883579202430416,0.543687350568411,0.446832000949065,0.664179247487629,0.547633602012607,0.438302106744146,0.574877881683661
213,190701,"Barnstable Town, MA MSA",6.27446705344626,4.32121823527073,9.83007202816144,0.840623914113829,0.768583777639884,0.898271345608132,0.895350598865705,0.814634350878608,0.959940764904552,0.893821882195915,0.808586908121284,0.903599185815225
214,152808,"Lake Havasu City-Kingman, AZ MSA",8.78315716847906,3.8374287838376,20.4162731008066,0.886145724046839,0.739408844742142,0.951019463980402,0.720014620186002,0.552963333269159,0.793869548779017,0.720176445993617,0.541871480147006,0.792166026233324
215,144566,"Lake Charles, LA MSA",6.01050551152205,3.78173580105177,15.8688133758437,0.833624643038258,0.73557116292421,0.936983315871478,0.683976501021212,0.569545128820148,0.804599193325755,0.687069110922372,0.582882906367744,0.758696375984609
216,121382,"Columbia, MO MSA",12.0213656712886,5.11575137800642,19.1793270025233,0.916814775679908,0.804525293332434,0.94786052712546,0.579142406406205,0.448573144967308,0.615242143908935,0.583078746705633,0.418865620602869,0.589832126698062
217,149297,"Houma-Thibodaux, LA MSA",8.85022409497738,4.00558528477434,17.6668009738862,0.887008510827707,0.750348593549834,0.943396656730433,0.71751057059946,0.558530295491267,0.783108465922551,0.716788005367969,0.561325541513735,0.782444104838512
218,59861,"Springfield, IL MSA",2.89841322781436,2.57895839000817,3.85265886865695,0.654983633664244,0.612246555092022,0.740438997042942,0.289367817099951,0.240972480274831,0.386137208747446,0.288940417451096,0.240992424314557,0.383890300478947
219,139577,"Elkhart-Goshen, IN MSA",6.29376409233057,3.15830138257951,11.8992316294313,0.841112570263227,0.68337410561393,0.915960960241616,0.676437186050163,0.493763056849144,0.763117784164261,0.675814413641267,0.479677675942223,0.759673118234583
220,119610,"Florence, SC MSA",5.51611064211095,3.57569988938839,10.0254709109715,0.818712845901635,0.720334471310721,0.90025406199068,0.578199770454481,0.463556421981898,0.673222259795732,0.583713241289802,0.470802109637479,0.576680606507647
221,120113,"Gainesville, GA MSA",3.96969369988617,3.16307015656828,4.56381638238287,0.748091395558132,0.683851463767426,0.780885137303031,0.580670259247386,0.50516096708182,0.619216879045882,0.58751563940927,0.242065641419743,0.539359077662655
222,134582,"Johnson City, TN MSA",10.5863613481565,5.23911013461505,32.6535464534962,0.905538837461453,0.809127891129268,0.969375455084973,0.659581808597069,0.54965628648007,0.732366837573659,0.660849728270919,0.554218590229197,0.707308087422287
223,82316,"St. Cloud, MN MSA",3.07403658572216,2.82274566905026,3.34086105055864,0.674694828082185,0.645734998032444,0.700675968001487,0.406564127181339,0.373372781239291,0.436341546508356,0.40757434509543,0.368186114920518,0.314419776553604
224,150996,"Monroe, LA MSA",9.78549426877736,5.3708083718441,26.1282368866119,0.897807921344279,0.8138082890385,0.961727230033175,0.749720088538353,0.651994460638747,0.824084159011807,0.753994696713055,0.615439132804846,0.798725050340702
225,170393,"Jacksonville, NC MSA",11.8756846819513,5.22579286237441,65.5471645895147,0.915794328766593,0.808641477698059,0.984743809953299,0.860625277214364,0.740251523225121,0.938081992582078,0.860838741190374,0.733570440892997,0.936769003823528
226,118922,"Bend, OR MSA",11.7284556108675,5.93524607764264,38.8568605489982,0.914737282283491,0.831514989114457,0.974264518906796,0.601389616910515,0.508337149475425,0.66794817996453,0.601551885297865,0.509444855251765,0.647140289804036
227,74475,"Racine, WI MSA",2.9751830515475,2.28340418097032,5.75421822757654,0.663886227276045,0.56205738417495,0.826214446437294,0.373105995052823,0.255602537108659,0.560421558035583,0.379368515765381,0.246861276140328,0.324506458780894
228,107175,"Saginaw, MI MSA",6.70559354245616,4.41430908011413,12.2480218330304,0.850870770250457,0.773463982278707,0.918354162522539,0.562368318833499,0.474341030055014,0.639110684909383,0.562480498070237,0.474257559567815,0.539506817355343
229,58660,"Punta Gorda, FL MSA",3.41815423116051,2.77896687326607,4.34301422010677,0.707444447390987,0.640154040834349,0.76974517021604,0.309657873137912,0.232814670443318,0.380803038058797,0.31051403583635,0.242809858604936,0.278691497561253
230,131947,"Terre Haute, IN MSA",10.7123977904611,9.58168902913616,11.7121453306601,0.906650217854078,0.8956342668856,0.914618545811399,0.707321227946392,0.694850179582644,0.716342092655966,0.707993748199479,0.685549161452783,0.717871872188578
231,114797,"Warner Robins, GA MSA",4.72933015899643,3.2678619100958,8.73978075455594,0.78855356543511,0.693989517454645,0.885580653784855,0.617342604908183,0.50923450110536,0.72826652116404,0.619150204450528,0.517822663254692,0.626062166189053
232,139997,"Midland, TX MSA",12.4681609309423,3.77992283416162,90.3224275647974,0.919795709604751,0.735444334746109,0.98892855266448,0.766154355200845,0.555968662215935,0.84497521855306,0.766671602600065,0.559130573965568,0.843191373883018
233,104395,"Billings, MT MSA",5.69885233007802,3.54690171245508,6.26211224172225,0.824526072605515,0.718063797345029,0.840309473640962,0.572314061980202,0.451118380430674,0.590281741526597,0.574648063479906,0.319879983582088,0.592137606434058
234,134395,"El Centro, CA MSA",16.0627788589368,4.52095009550545,104.111721079671,0.937744271474943,0.778807556182901,0.990394933542259,0.740403911988395,0.54697606032835,0.804480386913948,0.741631680999772,0.524567462468982,0.803341399108476
235,86886,"Dover, DE MSA",3.49311966239746,3.05656678437594,4.16648421606744,0.713722947780821,0.672835547022353,0.759989490385288,0.480597698917467,0.434148729099914,0.533157489981035,0.479897371622666,0.430889679240031,0.32500396520662
236,92056,"Greenville, NC MSA",4.00306655192331,2.85464590566848,7.10913515424888,0.750191512674317,0.649693855894947,0.859335913820356,0.503257432754487,0.387479724101707,0.628996570182438,0.509317398473041,0.397423026343134,0.492214072653115
237,116079,"Redding, CA MSA",5.62818556194101,2.60519044365274,16.6570649212917,0.822322844725978,0.616150902734812,0.939965413791372,0.644596245073665,0.41432140296694,0.775992029363866,0.644527201285814,0.413103525797123,0.738496516178522
238,154786,"Joplin, MO MSA",9.06054989701193,6.95172041292003,13.9315398961561,0.889631422886398,0.856150716570611,0.928220425921767,0.862005255531726,0.82395756777537,0.90585804419367,0.861575133911778,0.823345055721764,0.904911166275443
239,73669,"Bowling Green, KY MSA",2.82349907480494,2.5046665594185,3.27854983459781,0.645829528005393,0.600745258389936,0.694987097817693,0.407592208662411,0.355546059780543,0.464340653717504,0.411005147060862,0.322903449129258,0.224929784524867
240,152949,"Jackson, TN MSA",21.8322833902471,6.31439171083773,24.2461189010613,0.95419627062707,0.841631617771884,0.958756285734612,0.856164063252223,0.728207564574595,0.861347604908313,0.855543289982888,0.719902922852904,0.849296296645999
241,62385,"Kingston, NY MSA",4.38981396877026,3.55036241693479,5.62317972082327,0.772199913911128,0.718338613762324,0.822164673788233,0.351318946625128,0.290065244049758,0.408141313190855,0.349055545782059,0.285619880493522,0.129354273220447
242,92758,"St. George, UT MSA",3.32718524309313,2.45879592614181,10.8027954708954,0.699445649419163,0.59329686967184,0.907431367862682,0.522083660645526,0.40138988106928,0.75856855021829,0.522410836503701,0.393296612876917,0.757460151386917
243,122930,"Yuba City, CA MSA",8.06201647470902,3.61100788443629,24.4195869763382,0.875961553398327,0.72306900676953,0.959049266436448,0.699054366151623,0.525501646789547,0.793369614744819,0.699896575385739,0.531581598650155,0.761838840471797
244,111701,"Panama City, FL MSA",5.31681318086805,2.30185737348188,16.3710703313023,0.811917408796986,0.565568218291752,0.93891663893912,0.63436978174593,0.348101404129518,0.781948361146821,0.639369141012384,0.369758008427575,0.732144998928606
245,94810,"Muskegon, MI MSA",5.82229057391088,3.2235530469246,13.8611151138776,0.828246291162296,0.689783296429993,0.927855732256432,0.545640660959461,0.388545711411629,0.658653817676348,0.546242509685026,0.386626906799129,0.582075776470062
246,101356,"Iowa City, IA MSA",38.1775735828104,15.9958297570835,57.8964290002071,0.973806611941146,0.937483705741669,0.982727777562992,0.585465588771726,0.542681516336943,0.595973663045069,0.585512037871141,0.546058639457528,0.583986951617893
247,122112,"Abilene, TX MSA",9.32460555025947,3.50234846179063,37.0580622111939,0.89275685769119,0.714477296902452,0.97301531865587,0.709701755014456,0.505992524633481,0.80140822569648,0.687791178694176,0.494125661854379,0.779656988721425
248,98732,"Oshkosh-Neenah, WI MSA",5.67945945292681,3.24362393756424,19.1660182591312,0.823926905669752,0.691702854816475,0.947824321855502,0.569946526967441,0.419299391802117,0.711106858104781,0.574328693447761,0.420104120947395,0.709633205661265
249,101282,"Bloomington, IL MSA",7.41870130346126,2.98820077581929,17.6731771982701,0.865205517907367,0.665350465038339,0.943417078390529,0.587774562111133,0.359388959940861,0.67715130831394,0.590502279431894,0.353456984019488,0.621957979370775
250,91108,"East Stroudsburg, PA MSA",3.88418031341987,3.37404534099428,4.61259370072913,0.742545422892703,0.703619869048554,0.783202236121095,0.535074368227632,0.491208032640375,0.580891710226817,0.535064180610475,0.428705718187271,0.51283300101037
251,124922,"Burlington, NC MSA",36.5113705739583,12.3451223144926,83.8248174055477,0.972611271933099,0.918996347340679,0.988070358743975,0.736899380268074,0.675358951959255,0.754643671262359,0.736959990337591,0.674005333945413,0.754169067767572
252,105842,"Eau Claire, WI MSA",13.236565833544,5.51458446806034,21.6388705527275,0.924451703517705,0.81866267426098,0.953786867130459,0.624860171436935,0.504944206065122,0.658112716513483,0.625159102596378,0.489260017697829,0.632231802479581
253,90499,"Bloomington, IN MSA",7.275236077412,5.34699725619458,10.8184207270458,0.862547415732009,0.812979144726232,0.907565066544322,0.534025987339014,0.477325864932838,0.585520749203901,0.534765946560371,0.474595422297606,0.527581715393186
254,71230,"Hattiesburg, MS MSA",2.86721876745853,2.43723586307078,4.48625220900471,0.651229961470158,0.589699127953888,0.777096794069486,0.418978629584687,0.347618325806235,0.564952524242636,0.421852749291196,0.364815795270738,0.366721427314514
255,48403,"Waterloo-Cedar Falls, IA MSA",3.27842939271964,2.73468593525127,3.70114783190274,0.694975892352391,0.634327296195306,0.729813548278101,0.279751804216486,0.208650768914682,0.320593531160838,0.287215344956847,0.120147155670495,0.172943701346473
256,102834,"Pueblo, CO MSA",3.78190318078797,2.81586833873432,5.67762222976621,0.735582866034226,0.64486975962467,0.82386993013426,0.610449028805625,0.508887252960409,0.709294624211399,0.61056344557917,0.511652119227835,0.570123376839929
257,94001,"Blacksburg-Christiansburg, VA MSA",5.31653358450881,3.18449871169789,9.88506772410153,0.811907517538538,0.685978833551851,0.898837314228832,0.560231573951787,0.417552754053448,0.658724152553537,0.561095912231895,0.383518721749988,0.513714394426029
258,131470,"Kahului-Wailuku-Lahaina, HI MSA",3.41985859266833,2.58088630597691,5.20084552886578,0.707590248864719,0.612536205998628,0.807723572167296,0.785281095318147,0.679363080723912,0.896858914410735,0.783820637473677,0.679271963471486,0.776722063354558
259,132589,"Odessa, TX MSA",18.1683610321955,6.7790047325287,78.382476690931,0.944959261970415,0.852485720329778,0.987242046408624,0.7974249427368,0.690828609916581,0.846165260048928,0.797654386525292,0.691203748681898,0.845908496757356
260,124618,"Coeur d'Alene, ID MSA",17.5823861868257,6.25387844258646,29.2944296481554,0.943124898442437,0.840099226555094,0.965863817387448,0.751485297632958,0.634607325607219,0.777281574266384,0.752080557709072,0.63512590039238,0.771668866968438
261,99342,"Auburn-Opelika, AL MSA",5.64624043441165,4.13985275777696,7.61818226250527,0.822890999486068,0.758445515212723,0.868735091188125,0.60213864343996,0.526921161181437,0.655645529036968,0.603745363572193,0.518184827920693,0.640912936847556
262,80596,"Janesville-Beloit, WI MSA",4.01536702143418,2.17363026188057,7.85633661668194,0.750956763189526,0.539940155629401,0.872714211624203,0.49083484591871,0.251191111632147,0.629110263941322,0.493381105122818,0.255261069808853,0.487551347020825
263,101665,"Wausau-Weston, WI MSA",5.11611813896506,2.80959464311908,9.7819298278045,0.804539306396413,0.644076770131564,0.897770683535516,0.622617278156498,0.442613116472779,0.727202661606025,0.621965578400925,0.441010864069315,0.726347260038812
264,102443,"State College, PA MSA",11.3085589379072,4.76849373173859,40.4040863597922,0.911571403085859,0.790290172063328,0.975250028150738,0.629511481772483,0.492393199789181,0.70150533930789,0.630859767867032,0.476998398777082,0.678896737544086
265,85782,"Sebastian-Vero Beach, FL MSA",7.08671088526685,2.85499666733569,17.7953920341091,0.85889081462615,0.649736894112311,0.943805677442606,0.536392217885296,0.296604024094363,0.633744357069394,0.534830128175204,0.308853786857902,0.57488121754662
266,83169,"Jackson, MI MSA",4.89834192004537,2.81983679142291,11.5469370289711,0.795849286080311,0.645369546549043,0.913396946957361,0.524687056596984,0.353148516850764,0.658684856966933,0.511579599844828,0.349508021035988,0.577473753049109
267,81476,"Madera, CA MSA",3.79119149013084,2.59366732605626,10.5101236499856,0.736230680353873,0.614445542050095,0.90485364080361,0.51558041463608,0.374946153447813,0.710301755782609,0.517871974175106,0.375840410931966,0.66055632160106
268,100821,"Chambersburg-Waynesboro, PA MSA",5.66235045821224,4.04577329264216,8.50560228582415,0.823394894508927,0.752828463765222,0.882430430392137,0.650341917115943,0.570780827249476,0.716902341473784,0.646553062302041,0.571011847027238,0.70175482256113
269,102712,"Grand Junction, CO MSA",5.67282964635635,3.33117645610699,8.93608684947723,0.82372112995808,0.699805755361078,0.888094194154066,0.665664594350773,0.527352231024795,0.737516781155178,0.666051876198803,0.5261525572878,0.660265953512446
270,98276,"Elizabethtown-Fort Knox, KY MSA",7.33858863198823,3.30206676750061,19.2417123284198,0.863734016151131,0.69715936399526,0.94802957330762,0.637973322588038,0.4502159547324,0.73298845081305,0.638451446883195,0.42982850096039,0.685618616323916
271,91069,"Niles, MI MSA",6.86776796814584,3.52399380578905,18.0069667552079,0.85439228514443,0.716231056264274,0.944465938456249,0.593662316710009,0.437365842347538,0.695559169826425,0.59325597096875,0.443041508410074,0.643210204547324
272,68951,"Hanford-Corcoran, CA MSA",2.59445281387345,2.2656921351054,3.0902459706935,0.614562271222413,0.558633768239885,0.676401163699088,0.450834773016478,0.384699226290496,0.523959365036252,0.450089511020571,0.410705965506924,0.11924900635143
273,114508,"Decatur, AL MSA",11.5434244248731,5.61031724776519,22.0584982208747,0.91337059409812,0.821756960286276,0.954665998111618,0.750045882186517,0.644820568195157,0.797476834032012,0.750365271760968,0.628453583753882,0.793751754562514
274,63608,"Bangor, ME MSA",4.56619644036792,3.15123025763983,8.05010463520966,0.780999347474541,0.682663620795211,0.875778012173135,0.418062327672287,0.308495856406861,0.523665491374301,0.417612344265883,0.308296209408628,0.375548499142599
275,110101,"Alexandria, LA MSA",9.01673200913613,4.55706243279763,23.4626316435725,0.889095073582451,0.780560390658047,0.957379035089018,0.720534770993216,0.594990102591461,0.799520465459852,0.724171426689695,0.59612210308696,0.77070008460485
276,60976,"Idaho Falls, ID MSA",2.68973290508296,1.93995170831913,5.02065875969684,0.628215872992356,0.484523250907907,0.800822950161946,0.396087212260323,0.232032146685318,0.593154152462198,0.402395577070445,0.246909652622298,0.355299902326571
277,84783,"Wichita Falls, TX MSA",4.32489252247731,2.6081241348132,8.56048636259579,0.768780381292066,0.616582666962812,0.883184207340204,0.559984531639233,0.38812365212148,0.689168746076874,0.560529345004167,0.365365244797664,0.577359860564133
278,92138,"Jefferson City, MO MSA",5.46819481695847,3.69020513882099,8.49542559254082,0.817124291750047,0.729012355036854,0.882289593486873,0.607215982012238,0.507169697662246,0.681207617544399,0.609230782651152,0.503499134156638,0.674775071075242
279,90336,"Monroe, MI MSA",4.61168156637151,3.24243202295742,6.8168889768734,0.783159356168036,0.691589525109643,0.853305517605972,0.600238070119433,0.497168058441503,0.679193830930651,0.599367870498468,0.500893584346006,0.54531216253409
280,75526,"Santa Fe, NM MSA",8.0054233091864,4.08362267616933,18.8365715167567,0.87508468179909,0.755119392926367,0.946911782799199,0.50212541510382,0.367345497154655,0.582822513992082,0.502304369013793,0.370053793378883,0.527501360127504
281,80306,"Homosassa Springs, FL MSA",5.44636093585447,3.04754551509197,10.0415535671523,0.816391162506913,0.671867082854767,0.900413816117938,0.534193031476823,0.369254059716244,0.630084388298149,0.53659630555419,0.376475632080012,0.530279793848093
282,80338,"Vineland-Bridgeton, NJ MSA",4.62240079929259,3.92309217293574,7.179277128125,0.783662204248269,0.745099030071558,0.860710210491461,0.537277802821698,0.492855072349732,0.626033017811513,0.536223279946049,0.48895872506722,0.623321401786039
283,92513,"Dothan, AL MSA",4.78473734371521,2.45390639785004,13.8697327330958,0.791002111889484,0.592486493830352,0.927900557332744,0.615942957515833,0.387872274146872,0.773222884957575,0.619398021270939,0.396415051490551,0.713348931166587
284,101620,"Texarkana, TX-AR MSA",3.98324046937674,2.89090306307422,6.10006513856785,0.74894812209104,0.654087329051916,0.836067324317987,0.68233880441813,0.575257544944862,0.780681160621292,0.683105426994675,0.580442240858836,0.652842255107108
285,109123,"Florence-Muscle Shoals, AL MSA",12.2664821658952,6.62735540315186,34.7679940432319,0.918477034697012,0.849110249991359,0.971237914998589,0.737330607579188,0.657914598536831,0.79773500090508,0.737462289846076,0.657585713619071,0.797106692091279
286,112064,"Valdosta, GA MSA",7.94069865192222,3.88735466617996,33.4231898102258,0.874066496685663,0.742755656256422,0.970080653412259,0.760276213428069,0.608219116731635,0.871459980631737,0.760822418195197,0.580208229679916,0.870845808540959
287,83286,"Albany, GA MSA",4.65631111874056,4.21787529911621,5.02977460828786,0.785237718335608,0.762913806339999,0.801183934096721,0.567623881836054,0.541677267698012,0.586157833564448,0.56726859963898,0.534905511543279,0.567665670823317
288,80251,"Rocky Mount, NC MSA",3.95463504952373,3.0301081099153,4.81237315370072,0.747132165806189,0.669978771804299,0.792202315144452,0.547279140222636,0.458768689664364,0.598983660500261,0.550530764836168,0.446472480770024,0.552748840570652
289,89434,"Dalton, GA MSA",4.40900405882029,2.5591486210424,9.06102357824491,0.773191408613135,0.609245046662168,0.889637192601402,0.61658409930967,0.425679306545349,0.752177582422199,0.617957440434259,0.415124858900559,0.748573463323461
290,61452,"Sioux City, IA-NE-SD MSA",6.07658315465205,5.60018118346904,6.69959759503827,0.835433832706719,0.821434348775739,0.850737303873206,0.424676494836139,0.407246708979502,0.443729784700975,0.420700418157609,0.414706282028005,0.433136601715015
291,68701,"Flagstaff, AZ MSA",6.74357780627954,3.67023968256082,16.9656399077331,0.851710764118594,0.727538230063963,0.94105733674424,0.478201257500615,0.333787928337428,0.58211180503372,0.478827869462105,0.270699939019695,0.57528165800229
292,69361,"Morristown, TN MSA",3.18738705490738,2.05548927643706,6.54947427279098,0.686263392937994,0.513497826788288,0.847315989291785,0.480232761504657,0.282300541874138,0.664745790252185,0.485893117989218,0.298116147385252,0.515489267049044
293,105428,"Logan, UT-ID MSA",10.1837248613265,4.39087170010207,32.9184658064074,0.901804102760319,0.772254789413056,0.969621913552078,0.741582801760162,0.594024312264664,0.818828241838251,0.740633323141764,0.593493481662256,0.818902804600866
294,82555,"Rapid City, SD MSA",4.80421973514426,2.6651703724596,8.58810221368372,0.791849654027123,0.624789465494046,0.883559839517668,0.579483910692669,0.389371274496734,0.68384908160934,0.580935251569917,0.392135272958738,0.67287753101077
295,77810,"Lebanon, PA MSA",4.32701425607821,3.26244546996552,5.94611771833362,0.768893758878818,0.693481466830289,0.831823040281105,0.548581823740532,0.463184080733382,0.619843662557986,0.548755954635103,0.468193446795483,0.430195565585676
296,107636,"Winchester, VA-WV MSA",10.9734216720671,5.82701412987891,31.2359065450718,0.908870721468263,0.82838551997457,0.967985561790657,0.765070967830412,0.674863486705744,0.831326636495018,0.765731210533914,0.659233693055787,0.811364885490539
297,100633,"Sumter, SC MSA",5.93641800519944,3.81809275971392,45.4644400247202,0.831548250287607,0.738089129066909,0.978004787929725,0.715713497124346,0.60895952939316,0.883003926236636,0.716416083553564,0.574553784464618,0.871478412572229
298,79829,"Morgantown, WV MSA",9.83179018305258,4.37725474957213,35.7071888785218,0.898289123203246,0.771546309910853,0.971994434974927,0.5721333689623,0.427870885579947,0.656026972382034,0.574126309370419,0.254270519252641,0.627071566402426
299,66387,"Wheeling, WV-OH MSA",4.12383557950425,2.6118077845564,7.66690124765173,0.757507305827112,0.6171234323165,0.869569208250036,0.477778170126083,0.319733991255076,0.603937471107441,0.47352689380982,0.300220477787577,0.465323172194498
300,30238,"Napa, CA MSA",2.76403865096328,2.1554868736958,11.3217263070166,0.638210558433582,0.536067692082301,0.911674247117221,0.218569119919044,0.10265903265584,0.528891329887462,0.219516863456048,0.113407209215107,0.455467218410274
301,75020,"La Crosse-Onalaska, WI-MN MSA",10.9958274962655,4.27674718433747,40.3566279139429,0.909056412503776,0.766177434181227,0.975220922765588,0.549128358433701,0.384484664493841,0.625371690413821,0.548300482532343,0.385217969837339,0.624903884540356
302,42540,"Sherman-Denison, TX MSA",2.10552947013126,1.97708395486433,4.18078871588829,0.52506007909846,0.494204584716979,0.760810682395958,0.312299948165037,0.277415957681506,0.578830171283177,0.312265423748929,0.285441994211585,0.27634702069478
303,60386,"Carbondale-Marion, IL MSA",3.44900042036363,2.56425231447929,4.92605630950448,0.710060922551419,0.610022775702139,0.796997854435693,0.44478485070924,0.330362772258252,0.544221962987397,0.444183542572234,0.327617325013302,0.228853881572239
304,98894,"Harrisonburg, VA MSA",7.07762992622289,4.16974993861809,13.1965537128573,0.858709764366888,0.760177465142811,0.924222640110523,0.73154069374393,0.620645648285016,0.805273402621583,0.732739159509727,0.614972173592918,0.785360131364229
305,82345,"Hammond, LA MSA",4.78169535134686,3.78153818791064,8.36233839992702,0.790869152774794,0.735557344575564,0.880416224245514,0.610416447358631,0.546238862697669,0.714316770771551,0.611053479016721,0.555311179120125,0.604204472944443
306,68341,"Battle Creek, MI MSA",3.94233774419235,2.66697344845937,8.05969676927281,0.746343397017887,0.625043136227071,0.875925853214174,0.509400975366999,0.372860349894533,0.655264384925631,0.508960881590134,0.378191808635632,0.515667448503596
307,30427,"Springfield, OH MSA",2.20520265968851,1.97408633654781,4.98185616676933,0.546526939097174,0.493436542522879,0.799271603489812,0.222896293027973,0.162728178404092,0.509335478248028,0.22692544117001,0.172776080290663,0.203945377157944
308,88828,"Jonesboro, AR MSA",5.58656725869932,3.17467747765045,11.3555784844387,0.820999201532423,0.685007372547308,0.911937555504515,0.659856436267933,0.50388347575566,0.76415626368398,0.663585463364409,0.505202761661225,0.696588308399046
309,51137,"The Villages, FL MSA",9.30556340339502,4.37131928228476,29.0331825974152,0.892537404061407,0.771236110788657,0.96555665240472,0.382330121407202,0.242536167904977,0.466481321549153,0.386167681829419,0.223595332286541,0.392078001842926
310,78889,"Manhattan, KS MSA",4.77924556909227,2.34255369838772,25.5879433830218,0.790761954885291,0.573115442054431,0.960919094394139,0.602874934038504,0.355364319454686,0.796379978653617,0.605509724045841,0.365562007275497,0.76736599120427
311,87592,"Johnstown, PA MSA",15.36282599435,5.84494642665472,51.1302823871189,0.934907809255421,0.828912033232726,0.980442118578013,0.67278515695544,0.554269996100848,0.723697619661634,0.672686389607923,0.555413974601052,0.706716656258094
312,91848,"Albany-Lebanon, OR MSA",10.843177147149,5.0243463417923,19.3298537445247,0.907776107829896,0.800969134694788,0.948266551148466,0.707884763200748,0.588620881125497,0.753097611345147,0.707830643290491,0.565724987222653,0.722986811658993
313,71567,"Mount Vernon-Anacortes, WA MSA",6.87302679760319,4.10389319511478,20.2356350055832,0.854503695468098,0.756328941213581,0.950582227850814,0.55381114918035,0.443297751920617,0.661964870551696,0.553897421458127,0.405771668116561,0.621412448820366
314,76509,"Bismarck, ND MSA",14.2827630807933,6.94469243374,25.2986075339153,0.929985536107874,0.856005142122405,0.960472132758319,0.592501999883267,0.505608801193223,0.628309837033346,0.593326590045004,0.496509144507651,0.602622015662662
315,93257,"Lawton, OK MSA",16.4007984412838,5.1044144411324,44.682615341935,0.939027358724023,0.80409114276815,0.977619931323458,0.737113796767401,0.584595152313178,0.780735050091949,0.737701868331326,0.554068527467529,0.761167988556758
316,56214,"Sierra Vista-Douglas, AZ MSA",3.78578836714234,2.34602755562854,9.1933391977409,0.735854225587671,0.573747547167202,0.891225595130251,0.446413624571672,0.262199758130159,0.622973658967748,0.442401183668537,0.262287325001666,0.600204768092278
317,55690,"St. Joseph, MO-KS MSA",2.43763573218028,2.21792811258824,2.65581507273374,0.589766433598519,0.54912875925765,0.623467759383315,0.443986708088558,0.39772210275776,0.48235451731602,0.444721318808054,0.403806017169183,0.410549510229573
318,23183,"Glens Falls, NY MSA",2.42098385093184,2.20285155929305,2.86793660075256,0.586944787089307,0.546042947932031,0.651317257244251,0.185244597014104,0.139389937155738,0.257411956331309,0.182840641467264,0.140737252653223,0
319,54397,"Pittsfield, MA MSA",3.25738578092813,2.73226580788599,4.13695101946231,0.693005352373378,0.634003398529617,0.758276084175158,0.435369094945849,0.369281910732088,0.508477841272686,0.434911155212838,0.371105527363257,0.29803698921692
320,103007,"Cleveland, TN MSA",18.0816915492935,5.27161582087461,85.7432458377832,0.944695439733952,0.810304841251863,0.988337273796564,0.824228091940801,0.669902421131959,0.874343616338428,0.824437159385544,0.670278241717456,0.874069856484189
321,49868,"New Bern, NC MSA",2.9580174562054,2.26014720692026,7.68517475987298,0.661935734049785,0.557550943169482,0.869879341557546,0.400261269449552,0.282032385164741,0.635783518452211,0.401238668631926,0.290930995308827,0.497949941484116
322,52144,"Farmington, NM MSA",5.10363004890626,3.54214283675166,9.16540148353558,0.804061032947655,0.717685015515339,0.890894032105809,0.42009559443634,0.319582003460256,0.521140963510557,0.420651237743543,0.276314785504172,0.372215383763725
323,65023,"Ames, IA MSA",5.95101313129423,3.17242638026032,12.7747792029098,0.831961385744326,0.684783859375818,0.921720760561386,0.527134620616867,0.355494109264913,0.631813272122784,0.524941475410126,0.359188445042706,0.572503121810841
324,69806,"Goldsboro, NC MSA",3.6267357553769,3.10797108948397,4.06786368708906,0.724269958593639,0.678246685310694,0.754170720328243,0.566728723320988,0.513883120442048,0.601061869742153,0.56691777889326,0.522275782685685,0.538151878098877
325,77740,"Staunton, VA MSA",4.69432870238765,2.79012580271877,12.1392645782027,0.786976996414551,0.641593221701482,0.91762268681452,0.630343657871408,0.468014759526673,0.776216682821887,0.63141186525648,0.440554899007725,0.688921609014256
326,60219,"Lawrence, KS MSA",5.39249043825243,2.68765368507255,16.9136244004576,0.81455692662775,0.627928253720306,0.940876066754034,0.49010842416086,0.276992362916761,0.634355485365683,0.492549967757923,0.282961587232821,0.579739143016138
327,56834,"San Angelo, TX MSA",3.3873563489172,2.01538962014602,7.29031860667448,0.704784528997175,0.503818026051188,0.862831783636387,0.464099137769992,0.231366569083329,0.647128364068192,0.465749033485639,0.25438394276204,0.473199780512329
328,62099,"Altoona, PA MSA",3.85302689339128,2.35039255062298,8.29976431644472,0.74046378920552,0.574539155284957,0.879514651034289,0.509714643344308,0.324107686694298,0.665260005559509,0.509362346497863,0.324706057464626,0.525035381217821
329,64274,"Mansfield, OH MSA",3.95804875125254,2.69253768982606,12.4229861556204,0.747350256945788,0.628603156130899,0.919504055830604,0.529640827133167,0.396491904022651,0.722673690871291,0.530508222440362,0.388128523170008,0.657796160769462
330,35993,"Wenatchee, WA MSA",2.93488111053908,2.28191733902376,4.21949962514816,0.659270695358314,0.561772031397152,0.763005074336299,0.296844717370992,0.183544872008581,0.417390872769114,0.298372990187398,0.204832645316834,0.0487554359766489
331,70774,"Missoula, MT MSA",21.5260730767314,18.6277159552836,22.7248326199008,0.953544708482805,0.946316553118991,0.955995275444877,0.591747588302567,0.583643687288004,0.594495059972809,0.591514215098726,0.58334953278489,0.593998705600944
332,67691,"Owensboro, KY MSA",6.11830092678119,3.61991366526405,26.3193510377742,0.836555930810338,0.7237503176952,0.962005142202603,0.566735016768731,0.439138683723268,0.708632737237306,0.562596012113569,0.443177734679234,0.675053568668739
333,89456,"Brunswick, GA MSA",21.2218859261167,5.10670622788471,72.2188896583217,0.952878834450366,0.804179062711775,0.986153207218622,0.752939244687949,0.579600489469189,0.791727053767267,0.753125410005603,0.552887303163814,0.791367811192918
334,79235,"Weirton-Steubenville, WV-OH MSA",18.0047158070789,6.86008097362813,38.2085385815787,0.94445899559232,0.85422912588871,0.973827839610643,0.682623800752782,0.581625891913569,0.715497524727107,0.681956510843296,0.582810153942576,0.690259027831472
335,75498,"Beckley, WV MSA",11.6119578529329,4.96716074158315,29.7506751200933,0.913881878261604,0.798677745290506,0.966387317398232,0.651522773053247,0.52178472469234,0.710652189908695,0.652149103379446,0.523632044117121,0.693815944879422
336,66357,"Sheboygan, WI MSA",7.36750084476733,3.31546395200039,19.074821937204,0.864268763442323,0.698383087713365,0.947574871037219,0.575158398298,0.387098570872615,0.669600140473343,0.575315492761197,0.314707047133645,0.628246831513708
337,62620,"Muncie, IN MSA",4.83415415199068,3.53796617548793,11.4447921068565,0.793138578423651,0.717351735319491,0.912624013554523,0.544602676780147,0.458364016288728,0.680566433177265,0.548647874519888,0.459887552586512,0.596909064674361
338,68979,"Anniston-Oxford, AL MSA",4.23558270091926,3.15053390199548,6.49389617005678,0.76390497586484,0.682593480626689,0.846009241014512,0.604609283033413,0.510731562862883,0.699402291155487,0.60717988378204,0.506273410154758,0.563528359280195
339,64830,"California-Lexington Park, MD MSA",5.47933090868844,3.80749342554783,9.29123677440652,0.817495964988293,0.737360019247803,0.892371702037065,0.568653718660148,0.478174460927089,0.653193821703638,0.571137858167826,0.445360791962265,0.531366920634998
340,76309,"Williamsport, PA MSA",10.6961930762595,4.1509539376733,23.1424233384107,0.906508793093916,0.759091520885312,0.956789313488175,0.673515537125544,0.508407776127502,0.729829861897238,0.673510239049978,0.510199048422178,0.685788329351865
341,71193,"Twin Falls, ID MSA",5.6940307662475,3.8853322962125,8.43668367232393,0.824377485642034,0.742621756966625,0.881470013711615,0.637819470076293,0.543841010561471,0.703447505257634,0.639704266853577,0.543576909345876,0.599711792718096
342,65664,"Longview, WA MSA",5.55299103495303,2.94952422669973,12.5372843097465,0.819916871159066,0.660962269457636,0.920237909957693,0.593126189118085,0.415135213260928,0.705461657255782,0.593743783814006,0.413320084007472,0.677384167939156
343,41300,"Michigan City-La Porte, IN MSA",2.88363722801446,2.55467554611531,3.24299680348224,0.653215740771749,0.60856085951086,0.691643235995105,0.375834343999785,0.325302679355613,0.419319070571946,0.374434944719073,0.322949445440425,0.0361356869072264
344,67626,"Kankakee, IL MSA",5.09046338001655,2.89617322615078,14.8254743298556,0.803554229674716,0.654716785939952,0.932548532495436,0.615549743454744,0.444672239250176,0.763645706201143,0.611896950188172,0.444170694358659,0.717892747749427
345,51495,"Watertown-Fort Drum, NY MSA",3.84613160104965,2.6872792755685,6.42052588924475,0.739998496222259,0.627876414226263,0.844249518302678,0.468725092978755,0.343873487567368,0.58481201574017,0.468840473461921,0.344637871778923,0.364331296308945
346,62422,"Lewiston-Auburn, ME MSA",8.01516793333663,4.76726023566121,27.4457462036148,0.875236550460683,0.790235911075389,0.963564481264922,0.576502343143908,0.481118692821848,0.675619720688722,0.576159163427835,0.481578383269681,0.675642314215545
347,52780,"Sebring-Avon Park, FL MSA",3.74469416445785,2.87171585364834,7.04346463544458,0.732955494872896,0.65177613281984,0.858024416709962,0.495194565372738,0.402472971467787,0.638046017853077,0.496886011404677,0.411497848341273,0.560459341780064
348,56462,"Decatur, IL MSA",4.70268598388279,3.55532659318205,6.82751986716354,0.787355565855931,0.718731887552139,0.853533930408694,0.542848681875576,0.465121057119028,0.617806585825108,0.542335453604389,0.462306116407806,0.428663311255722
349,70384,"Fond du Lac, WI MSA",8.97149899424178,5.55337269829918,16.6742369074453,0.888535906804221,0.819929247625273,0.940027240493777,0.680673567605534,0.60253942727477,0.739315558637689,0.674477219384923,0.572437922601907,0.717817743879293
350,44506,"Bay City, MI MSA",4.05272336015245,2.85229001415418,5.16927010460425,0.753252341417554,0.649404515306085,0.8065490911165,0.431567577483059,0.314455044255926,0.491672036129273,0.430545567625884,0.312771246438542,0.259158212701353
351,41863,"Gettysburg, PA MSA",2.68470714700014,2.27645201079739,3.55698224237246,0.627519895003301,0.560719929409045,0.71886280789161,0.406334062289345,0.331330871005829,0.50889414457095,0.406398256777581,0.326206877404777,0.180473369410189
352,67668,"Lima, OH MSA",7.77293484229072,3.48686443922424,18.0681258578841,0.871348464860501,0.713209384124357,0.94465391663388,0.660585707291198,0.481553737690066,0.743576068385976,0.661127867253514,0.476570170182058,0.686590754616414
353,67794,"Gadsden, AL MSA",5.55816582069759,3.7101584835908,7.77544017066673,0.820084532873024,0.730469734804382,0.87138991773449,0.662896521164467,0.558964831260835,0.722398472457423,0.662329364143815,0.557963151687587,0.626452701527394
354,33380,"Ithaca, NY MSA",4.83193968603745,2.83041484564752,9.28909026287642,0.793043774348087,0.646694900029318,0.892346831422613,0.325740667453515,0.161858569544364,0.43694065718981,0.326673046104655,0.144262693975854,0.221284035944914
355,63126,"Mankato, MN MSA",14.2451856235018,5.15697252723276,36.9780106497713,0.929800844549881,0.806087778300304,0.972956901076392,0.618665776901409,0.476520486795991,0.668251728981776,0.619319957938239,0.475349420709486,0.666274482425657
356,32580,"Grand Forks, ND-MN MSA",3.35200938258487,2.48556199863899,4.36883553194668,0.701671479442919,0.597676501110185,0.771106054991634,0.318216787059092,0.197921686711647,0.398534504002026,0.32316312432236,0.185560868357705,0
357,66613,"Victoria, TX MSA",16.4379395550321,4.40896784408544,65.3355099865072,0.93916512488368,0.773189545634477,0.984694387474644,0.666666198736239,0.467294104946564,0.721356560128691,0.667850709439635,0.482365835922462,0.717103013386393
358,75910,"Cheyenne, WY MSA",11.1589349387251,4.16033381899232,62.4238964907222,0.910385712839881,0.759634672719072,0.983980493749719,0.762708240996073,0.593782120163481,0.845175870026432,0.762911338620696,0.595953148150354,0.835419429492404
359,78547,"Hot Springs, AR MSA",25.5753178113784,10.106949581381,62.6191247039514,0.960899801622207,0.901058178637578,0.9840304379097,0.790282614070552,0.722196174431867,0.816600126745589,0.790316851347045,0.720555388923994,0.807725997682362
360,45535,"Rome, GA MSA",3.01715363048453,2.33830497015166,5.22021902442462,0.668561789530284,0.572339787681699,0.808437156502217,0.459804676835256,0.348446797106956,0.621682667242513,0.462289132316897,0.365470170216649,0.448065358021258
361,42092,"Dubuque, IA MSA",11.6242991978926,4.45669601484001,36.6752123973128,0.913973308586096,0.775618530707462,0.972733627574758,0.429307673809023,0.26564668696511,0.498815730851934,0.432546996383956,0.245272629194271,0.49174561606652
362,64376,"Cumberland, MD-WV MSA",9.05805743010679,4.62509049380218,31.3931429329177,0.889601053237282,0.783788014236685,0.968145910011723,0.660717905698431,0.542092624810603,0.748773270001026,0.661732104076468,0.489308699068707,0.711661539254573
363,44877,"Fairbanks, AK MSA",3.54875803659434,3.1421612309655,4.17961051976403,0.718211275694729,0.681747712324511,0.760743256992171,0.463361192698435,0.422220257634191,0.511348973348007,0.462885109532523,0.421349174422389,0.507109259403987
364,71028,"Cape Girardeau, MO-IL MSA",13.7926136946462,6.19074700697797,63.3609784076767,0.927497425641076,0.838468605020874,0.984217415432479,0.733188768577793,0.63146228010475,0.797998403789303,0.734021802356848,0.63111714102072,0.785679778939206
365,49079,"Pocatello, ID MSA",4.16978154482261,2.3759042230206,10.365852208825,0.760179282955088,0.57910761287816,0.903529398272855,0.512246507531629,0.307451556793389,0.674377777389309,0.513969792597512,0.30842945559527,0.662539337605315
366,52808,"Corvallis, OR MSA",16.6023337081001,6.6194957506326,67.3771654793515,0.939767503919517,0.84893109117799,0.985158176469943,0.56749628429779,0.4660325252549,0.618197408697714,0.567478609725952,0.455096623654503,0.603394746683876
367,31989,"Ocean City, NJ MSA",4.36908331242256,3.30739598284102,9.9998142678838,0.771119036078641,0.697647331862268,0.899998142644341,0.347552532169405,0.264249116510615,0.49367776362393,0.346819303288707,0.214613994394409,0.301176130020247
368,19822,"Parkersburg-Vienna, WV MSA",4.08869889256346,3.19444751942845,6.87908099570795,0.75542341799275,0.686956823075647,0.854631745050839,0.221867276417492,0.144586861358494,0.333846858601193,0.220460681351409,0.142605397216254,0
369,54758,"Pine Bluff, AR MSA",4.63190572742547,4.35182117095678,5.32111773898154,0.784106141435693,0.770211145928098,0.812069559620119,0.623636034021487,0.606992024317546,0.657131791782802,0.621681033163428,0.605140446489664,0.669482505995361
370,60879,"Grants Pass, OR MSA",9.62387010337978,3.86430718573654,26.417658990522,0.896091698115417,0.741221400904391,0.962146532349487,0.695694904346408,0.523114410045088,0.769303440963177,0.695857334359438,0.523941822475312,0.737757590286162
371,40952,"Columbus, IN MSA",4.32545309417303,3.30851304578982,8.10400859145677,0.76881034697911,0.697749416079066,0.876604276918685,0.488799135975335,0.408182729553558,0.611087982402536,0.487248052803973,0.407640383135081,0.468957501351145
372,53509,"Elmira, NY MSA",11.4691708171232,4.56762280331567,51.1119680311988,0.912809738738303,0.781067736312619,0.980435110630262,0.641160827168372,0.493883553097766,0.716760713665291,0.640574250154231,0.469527227139583,0.697590150856132
373,34700,"Bloomsburg-Berwick, PA MSA",3.95409406764429,2.83286529482005,9.82597574820008,0.747097569533604,0.64700051152149,0.898228936685175,0.415303581275302,0.301867932829007,0.58657419575569,0.417097049324377,0.215142963756006,0.440279102950592
374,48866,"Midland, MI MSA",11.7422656763007,3.59699005356132,41.9175947850757,0.914837559669742,0.721989778923654,0.976143669379713,0.587147490742713,0.370455253013922,0.656033728624763,0.587635470561452,0.271642995394172,0.6319814807778
375,29851,"Kokomo, IN MSA",2.53250775124412,2.16160125355389,3.80729417888333,0.605134476090453,0.537379987009214,0.737346274541544,0.360793634244909,0.283866329739867,0.510904681003917,0.361626537371701,0.292171329682144,0.158013779871227
376,42616,"Great Falls, MT MSA",4.25439752403558,2.02478900757721,8.70899976170468,0.764949092239168,0.506121380421476,0.885176251307617,0.521993691600432,0.231662131630627,0.656854593464244,0.523746587138631,0.235517454633649,0.542209795122955
377,61443,"Hinesville, GA MSA",5.02349322823469,2.58738686490126,13.5840965503738,0.800935334324834,0.61350967125739,0.926384504387781,0.757974911564042,0.545892174252928,0.899927742061878,0.758608728530954,0.553355834163679,0.850346567155101
378,54317,"Casper, WY MSA",5.98057805419409,3.21224001212066,17.9179044265799,0.832792082815688,0.688690759025874,0.944189902111735,0.679828345573208,0.518548437776622,0.804506103919222,0.680160104597328,0.505976683036715,0.762532629941501
379,53206,"Danville, IL MSA",6.79860184263799,2.95842397461386,15.8697267389017,0.852910933285074,0.661982187617134,0.936986942721031,0.701838724708499,0.487450754769671,0.796245069444463,0.702315094252826,0.444888070212706,0.731746950126458
380,39359,"Grand Island, NE MSA",4.4684287902536,3.23175859842867,7.39851110953057,0.776207690233048,0.690570947815776,0.864837670012846,0.520938588618035,0.421559258620973,0.623791496838806,0.513435474460723,0.415476775303758,0.477388411313388
381,28799,"Lewiston, ID-WA MSA",2.92370201490543,2.14364128095566,6.64156439088865,0.657967879454929,0.533504038719486,0.849433064087752,0.456155335890961,0.316427584947589,0.671101295091814,0.457191076984645,0.319800246872731,0.511516708911476
382,30668,"Enid, OK MSA",3.44243535406084,2.1615477691662,7.12641104398562,0.709507979918822,0.537368540142999,0.85967691256822,0.491689084502344,0.293864201061453,0.664265175353446,0.502283890114691,0.302408592800005,0.528139372888933
383,35360,"Walla Walla, WA MSA",7.42801220030393,3.05454433686497,35.9765724709358,0.865374480677471,0.672618927827923,0.972204133653703,0.580376688561045,0.361442878410043,0.701714946356665,0.581949742797021,0.36908958749682,0.686584168194819
384,38481,"Carson City, NV MSA",2.65203805827658,2.05475261267731,5.90719350675992,0.62293150474249,0.513323407484555,0.830714873508774,0.688175135133888,0.565234056332986,0.921233751714912,0.687835715376018,0.570273231677651,0.82419455978912
