Metropolitan_Statistical_Area,S_0,I_0,m_b,rel_E,rel_A,k_L,k_Q,j_Q,f_A,f_H,f_R,c_A,c_I,c_H,t_0,t_delta,t_delta2,b,lambda_0,p_0,lambda_1,p_1,f_D,r
"New York City-Newark-Jersey City, NY-NJ-PA MSA",19216182,1,0.1,1.1,0.9,0.94,0.0038,0.4,0.44,0.054,0.79,0.26,0.12,0.17,32.7561764125633,0.0724868420696978,,1.98520265475219,0.0961206595123129,0.87053587493732,,,0.114845548541692,12.0362809886495
"Los Angeles-Long Beach-Anaheim, CA MSA",13214799,1,0.1,1.1,0.9,0.94,0.0038,0.4,0.44,0.054,0.79,0.26,0.12,0.17,21.1170948770194,41.4787836531588,,0.388618693673225,0.441444503380358,0.449483624495589,,,0.240071763827118,11.3131546906125
"Chicago-Naperville-Elgin, IL-IN-WI MSA",9458539,1,0.1,1.1,0.9,0.94,0.0038,0.4,0.44,0.054,0.79,0.26,0.12,0.17,26.2911695720421,30.1406014777607,,0.542335817247951,0.269021059916083,0.524689243935603,,,0.0581174036165051,18.0796168505473
"Dallas-Fort Worth-Arlington, TX MSA",7573136,1,0.1,1.1,0.9,0.94,0.0038,0.4,0.44,0.054,0.79,0.26,0.12,0.17,37.0752059839724,18.0877593397784,,0.536509140425059,0.185780506011588,0.618496079335617,,,0.850220045067815,10.5441498114893
"Houston-The Woodlands-Sugar Land, TX MSA",7066141,1,0.1,1.1,0.9,0.94,0.0038,0.4,0.44,0.054,0.79,0.26,0.12,0.17,29.5493014502149,36.1583216874933,,0.363444682525772,0.645902862699665,0.424613077706964,,,0.965505219425874,3.78731433330246
"Washington-Arlington-Alexandria, DC-VA-MD-WV MSA",6280487,1,0.1,1.1,0.9,0.94,0.0038,0.4,0.44,0.054,0.79,0.26,0.12,0.17,14.1492286100635,47.7358964831313,,0.367257973499717,0.24226628693767,0.37670512508479,,,0.0508637827264186,16.9739573882467
"Miami-Fort Lauderdale-West Palm Beach, FL MSA",6166488,1,0.1,1.1,0.9,0.94,0.0038,0.4,0.44,0.054,0.79,0.26,0.12,0.17,34.3422091935684,26.0137714860253,,0.490046349443507,0.492927981660747,0.553442305444212,,,0.983774385339004,3.65217212342514
"Philadelphia-Camden-Wilmington, PA-NJ-DE-MD MSA",6102434,1,0.1,1.1,0.9,0.94,0.0038,0.4,0.44,0.054,0.79,0.26,0.12,0.17,23.1169704958973,37.5995764571798,,0.443181364034047,0.157204532886104,0.544618633407072,,,0.076106394247027,24.5955056454143
"Atlanta-Sandy Springs-Alpharetta, GA MSA",6020364,1,0.1,1.1,0.9,0.94,0.0038,0.4,0.44,0.054,0.79,0.26,0.12,0.17,30.9378354339882,25.7288059481388,,0.441799664254313,0.168910616660654,0.585107873659627,,,0.937531247036063,3.75045365750754
"Phoenix-Mesa-Chandler, AZ MSA",4948203,1,0.1,1.1,0.9,0.94,0.0038,0.4,0.44,0.054,0.79,0.26,0.12,0.17,37.2344837261516,23.9287906831737,,0.453932816096181,7.14317969069744,0.441307250968161,,,0.97588926547439,3.61500505898357
"Boston-Cambridge-Newton, MA-NH MSA",4873019,1,0.1,1.1,0.9,0.94,0.0038,0.4,0.44,0.054,0.79,0.26,0.12,0.17,7.96334769401275,56.2463119225461,,0.343834220154158,0.182948634486517,0.387026298297113,,,0.0709918310239816,4.58073150485932
"San Francisco-Oakland-Berkeley, CA MSA",4731803,1,0.1,1.1,0.9,0.94,0.0038,0.4,0.44,0.054,0.79,0.26,0.12,0.17,27.8909735145882,14.069050851123,49.3012859126907,0.466384819990198,0.0548983450408721,0.767236215917924,1.8132318694146,0.490559187027582,0.930224910444243,10.1999066580205
"Riverside-San Bernardino-Ontario, CA MSA",4650631,1,0.1,1.1,0.9,0.94,0.0038,0.4,0.44,0.054,0.79,0.26,0.12,0.17,34.7080304472703,33.3702660590144,,0.380973219498906,4.98715335193491,0.411077464816995,,,0.943587708910214,2.68118799451431
"Detroit–Warren–Dearborn, MI MSA",4319629,1,0.1,1.1,0.9,0.94,0.0038,0.4,0.44,0.054,0.79,0.26,0.12,0.17,41.7597283881934,14.2425686382646,,0.843354167362526,0.244786540417226,0.76406872610606,,,0.971990188466921,2.02383696605127
"Seattle-Tacoma-Bellevue, WA MSA",3979845,1,0.1,1.1,0.9,0.94,0.0038,0.4,0.44,0.054,0.79,0.26,0.12,0.17,31.0831319896655,2.31169460874823,,1.24823903371815,0.121097726982288,0.864354550333397,,,0.928378192123618,8.10286536676446
"Minneapolis-St. Paul-Bloomington, MN-WI MSA",3654908,1,0.1,1.1,0.9,0.94,0.0038,0.4,0.44,0.054,0.79,0.26,0.12,0.17,30.9419937326045,20.4519913792501,,0.665231917804262,5.28475188567254,0.503770695219161,,,0.0228590672608229,5.09388120869709
"San Diego-Chula Vista-Carlsbad, CA MSA",3338330,1,0.1,1.1,0.9,0.94,0.0038,0.4,0.44,0.054,0.79,0.26,0.12,0.17,15.9839064872755,42.6505663748892,,0.349624557637782,0.27328685603759,0.43758628051897,,,0.0837970592180027,7.08303148259281
"Tampa-St. Petersburg-Clearwater, FL MSA",3194831,1,0.1,1.1,0.9,0.94,0.0038,0.4,0.44,0.054,0.79,0.26,0.12,0.17,34.6756365967129,25.3661748008795,,0.409302582650866,7.2348123190666,0.424510517310705,,,0.936106316402255,2.46222022535116
"Denver-Aurora-Lakewood, CO MSA",2967239,1,0.1,1.1,0.9,0.94,0.0038,0.4,0.44,0.054,0.79,0.26,0.12,0.17,13.189168111471,49.8919021831393,,0.367598127292589,3.7939004021268,0.359713445575038,,,0.0359194183179546,11.8717538772846
"St. Louis, MO-IL MSA",2803228,1,0.1,1.1,0.9,0.94,0.0038,0.4,0.44,0.054,0.79,0.26,0.12,0.17,39.2988562644045,21.9201270287211,,0.533982547566627,0.259475314210141,0.62731887839913,,,0.489146037791272,5.3650649124774
"Baltimore-Columbia-Towson, MD MSA",2800053,1,0.1,1.1,0.9,0.94,0.0038,0.4,0.44,0.054,0.79,0.26,0.12,0.17,26.0519549496503,36.9704468552903,,0.42698347472893,0.298437953786725,0.479128305341516,,,0.0433605479589588,9.0511441810138
"Charlotte-Concord-Gastonia, NC-SC MSA",2636883,1,0.1,1.1,0.9,0.94,0.0038,0.4,0.44,0.054,0.79,0.26,0.12,0.17,41.9755254171413,17.7230470633414,,0.57160807419032,1.42877049378786,0.539272501385068,,,0.979803086612593,4.80925130200742
"Orlando-Kissimmee-Sanford, FL MSA",2608147,1,0.1,1.1,0.9,0.94,0.0038,0.4,0.44,0.054,0.79,0.26,0.12,0.17,45.3032237584678,7.39631897992224,,0.968651441387669,0.294484435110038,0.747831646550088,,,0.936143432820637,1.55263187301622
"San Antonio-New Braunfels, TX MSA",2550960,1,0.1,1.1,0.9,0.94,0.0038,0.4,0.44,0.054,0.79,0.26,0.12,0.17,14.7230875478312,54.8475569537205,,0.246523671435106,3.90589809129794,0.221386038866669,,,0.982634183970523,1.33352149415723
"Portland-Vancouver-Hillsboro, OR-WA MSA",2492412,1,0.1,1.1,0.9,0.94,0.0038,0.4,0.44,0.054,0.79,0.26,0.12,0.17,29.4750480105226,32.5715549716156,,0.34235747440311,9.48309798815537,0.39272342428127,,,0.985295637149617,5.10434543420607
"Sacramento-Roseville-Folsom, CA MSA",2363730,1,0.1,1.1,0.9,0.94,0.0038,0.4,0.44,0.054,0.79,0.26,0.12,0.17,19.7393584261278,44.0154154863242,,0.275629254482972,4.03462337051159,0.312545649507739,,,0.978147917328308,1.54902610509325
"Las Vegas-Henderson-Paradise, NV MSA",2317600,1,0.1,1.1,0.9,0.94,0.0038,0.4,0.44,0.054,0.79,0.26,0.12,0.17,41.0021894519815,20.1590760626771,,0.508382506405371,0.387762485303373,0.607266077236063,,,0.909309516681694,5.26323263919464
"Pittsburgh, PA MSA",2266715,1,0.1,1.1,0.9,0.94,0.0038,0.4,0.44,0.054,0.79,0.26,0.12,0.17,34.1458697683014,26.6123363890632,,0.421437074967485,0.692104326937159,0.481718810027366,,,0.925775606411341,1.93321007077289
"Austin-Round Rock-Georgetown, TX MSA",2227083,1,0.1,1.1,0.9,0.94,0.0038,0.4,0.44,0.054,0.79,0.26,0.12,0.17,43.9726295908851,11.141300963681,,0.695367028117882,0.33478364678741,0.648960873341722,,,0.94246814851192,2.88520273204297
"Cincinnati, OH-KY-IN MSA",2221208,1,0.1,1.1,0.9,0.94,0.0038,0.4,0.44,0.054,0.79,0.26,0.12,0.17,46.5151845867965,1.44209947127539,,1.20929679152773,0.132812319568215,0.841066185285969,,,0.891657447387366,9.40865964104936
"Kansas City, MO-KS MSA",2157990,1,0.1,1.1,0.9,0.94,0.0038,0.4,0.44,0.054,0.79,0.26,0.12,0.17,39.2382696128034,14.6500029311054,,0.521839756705752,0.129951027302653,0.655135602169527,,,0.660920158373363,3.17918369448677
"Columbus, OH MSA",2122271,1,0.1,1.1,0.9,0.94,0.0038,0.4,0.44,0.054,0.79,0.26,0.12,0.17,46.8396110066761,3.19120726728587,,0.97571334892305,0.107356469171758,0.824200007674842,,,0.958759535007656,6.56488815223316
"Indianapolis-Carmel-Anderson, IN MSA",2074537,1,0.1,1.1,0.9,0.94,0.0038,0.4,0.44,0.054,0.79,0.26,0.12,0.17,30.4307367166588,32.7590494402875,,0.505671710619956,0.849218207038622,0.504026436975485,,,0.0548862561269427,9.42583116274927
"Cleveland-Elyria, OH MSA",2048449,1,0.1,1.1,0.9,0.94,0.0038,0.4,0.44,0.054,0.79,0.26,0.12,0.17,28.6464642728437,27.9120747396057,,0.495109762470311,0.319469610816741,0.559286144711879,,,0.0573572395289442,10.0614124629657
"San Jose-Sunnyvale-Santa Clara, CA MSA",1990660,1,0.1,1.1,0.9,0.94,0.0038,0.4,0.44,0.054,0.79,0.26,0.12,0.17,3.58691652562051,56.0831247582164,,0.273759766233645,6.01668368196992,0.326471256738131,,,0.289679800929748,1.88710543642502
"Nashville-Davidson–Murfreesboro–Franklin, TN MSA",1934317,1,0.1,1.1,0.9,0.94,0.0038,0.4,0.44,0.054,0.79,0.26,0.12,0.17,36.7216594688938,16.1862768421173,,0.532034844546659,0.156835955783254,0.63992864953433,,,0.993690147065193,3.11659679682147
"Virginia Beach-Norfolk-Newport News, VA-NC MSA",1768901,1,0.1,1.1,0.9,0.94,0.0038,0.4,0.44,0.054,0.79,0.26,0.12,0.17,38.7427520079553,28.9104149528778,,0.384487379118123,7.57185015834827,0.43572637959125,,,0.904911483951392,6.31785862494015
"Providence-Warwick, RI-MA MSA",1624578,1,0.1,1.1,0.9,0.94,0.0038,0.4,0.44,0.054,0.79,0.26,0.12,0.17,40.5397842555647,24.0777211609134,,0.673263976120768,5.72253152092446,0.516224996467741,,,0.0503111099862767,1.37890832533802
"Jacksonville, FL MSA",1575179,1,0.1,1.1,0.9,0.94,0.0038,0.4,0.44,0.054,0.79,0.26,0.12,0.17,39.0410677347942,15.2723532077904,,0.83704009093218,0.476997114229672,0.673569116224775,,,0.0922697550522341,4.98196538001186
"Milwaukee-Waukesha, WI MSA",1559514,1,0.1,1.1,0.9,0.94,0.0038,0.4,0.44,0.054,0.79,0.26,0.12,0.17,37.9235478012494,21.3579235507506,,0.434943315279666,0.544398865322316,0.500857188965548,,,0.988186989189925,2.1251348234894
"Oklahoma City, OK MSA",1408950,1,0.1,1.1,0.9,0.94,0.0038,0.4,0.44,0.054,0.79,0.26,0.12,0.17,47.9947453433474,0.829379225276187,,2.07513411006064,0.240937900401903,0.889964661831851,,,0.915877309055152,2.3456048084017
"Raleigh-Cary, NC MSA",1390785,1,0.1,1.1,0.9,0.94,0.0038,0.4,0.44,0.054,0.79,0.26,0.12,0.17,29.9322886625986,32.0906970893725,,0.315084938861154,3.56254908345112,0.323553909365482,,,0.974399623938303,3.00178869871715
"Memphis, TN-MS-AR MSA",1346045,1,0.1,1.1,0.9,0.94,0.0038,0.4,0.44,0.054,0.79,0.26,0.12,0.17,42.8775351037376,14.3449970242378,,0.653803148610184,0.290223678967865,0.652933818709252,,,0.581749235894865,3.90163711131387
"Richmond, VA MSA",1291900,1,0.1,1.1,0.9,0.94,0.0038,0.4,0.44,0.054,0.79,0.26,0.12,0.17,28.8100213719353,40.7574213170655,,0.357211712685602,8.10553282599087,0.378623139006918,,,0.140981840555106,5.87134923521005
"New Orleans-Metairie, LA MSA",1270530,1,0.1,1.1,0.9,0.94,0.0038,0.4,0.44,0.054,0.79,0.26,0.12,0.17,43.7024354093087,0.74884370223904,,2.63111209230125,0.191440798548571,0.93234538150793,,,0.996424453386937,1.8327718275061
"Louisville/Jefferson County, KY-IN MSA",1265108,1,0.1,1.1,0.9,0.94,0.0038,0.4,0.44,0.054,0.79,0.26,0.12,0.17,25.1489267626314,41.165956439974,,0.374459617028432,2.483039424822,0.40362699267594,,,0.060429817141972,2.59314805650938
"Salt Lake City, UT MSA",1232696,1,0.1,1.1,0.9,0.94,0.0038,0.4,0.44,0.054,0.79,0.26,0.12,0.17,30.1302990488193,31.3074419964915,,0.35188028534937,0.381398898446027,0.422412736200752,,,0.747786178133509,8.08742889497799
"Hartford-East Hartford-Middletown, CT MSA",1204877,1,0.1,1.1,0.9,0.94,0.0038,0.4,0.44,0.054,0.79,0.26,0.12,0.17,43.8294208162775,6.8000992498293,,1.30829818430216,0.186274260995834,0.783630099559638,,,0.0496530816248697,4.32136046252638
"Buffalo-Niagara Falls, NY MSA",1127983,1,0.1,1.1,0.9,0.94,0.0038,0.4,0.44,0.054,0.79,0.26,0.12,0.17,46.3668718472897,3.69689406898428,,2.20375119950031,0.233846511600782,0.87678757717514,,,0.0471810300227107,4.92934272995747
"Birmingham-Hoover, AL MSA",1090435,1,0.1,1.1,0.9,0.94,0.0038,0.4,0.44,0.054,0.79,0.26,0.12,0.17,47.0968426470451,1.5823468163644,,2.34865245988285,0.337543696762691,0.887087353385253,,,0.993632708302739,4.59354696039264
"Grand Rapids-Kentwood, MI MSA",1077370,1,0.1,1.1,0.9,0.94,0.0038,0.4,0.44,0.054,0.79,0.26,0.12,0.17,39.271480835821,6.13840193173631,,1.19145993449646,0.216984894169506,0.747027458169583,,,0.0226849453417144,3.42055530949519
"Rochester, NY MSA",1069644,1,0.1,1.1,0.9,0.94,0.0038,0.4,0.44,0.054,0.79,0.26,0.12,0.17,36.7959211760808,17.8739534423837,,0.718900187314893,0.314549460358673,0.645730065040782,,,0.0280766767399347,6.73951456796271
"Tucson, AZ MSA",1047279,1,0.1,1.1,0.9,0.94,0.0038,0.4,0.44,0.054,0.79,0.26,0.12,0.17,43.0651443681307,19.6341594967716,,0.473111792854281,8.09455095270593,0.472353225068934,,,0.923245578553121,2.35656479617846
"Tulsa, OK MSA",999101,1,0.1,1.1,0.9,0.94,0.0038,0.4,0.44,0.054,0.79,0.26,0.12,0.17,38.8348435815639,21.2726958258162,,0.357629876986222,0.163830051086945,0.457855313411046,,,0.682705221061228,0.992665587664847
"Fresno, CA MSA",998626,1,0.1,1.1,0.9,0.94,0.0038,0.4,0.44,0.054,0.79,0.26,0.12,0.17,39.3908833802453,23.4675901526835,,0.40901478252916,0.733891406198957,0.45821250072808,,,0.585083256823618,1.79028786741597
"Urban Honolulu, HI MSA",974563,1,0.1,1.1,0.9,0.94,0.0038,0.4,0.44,0.054,0.79,0.26,0.12,0.17,38.6161574237955,19.543407052277,,0.420007189806165,2.93058671866951,0.490168358026785,,,0.925994058238777,0.71418977886841
"Omaha-Council Bluffs, NE-IA MSA",949442,1,0.1,1.1,0.9,0.94,0.0038,0.4,0.44,0.054,0.79,0.26,0.12,0.17,20.4397053647146,1.68158675179368,,7.63232915210163,9.49852482983438,0.932529990110543,,,0.0373392739835707,3.70975885796644
"Worcester, MA-CT MSA",947404,1,0.1,1.1,0.9,0.94,0.0038,0.4,0.44,0.054,0.79,0.26,0.12,0.17,33.1082231932396,28.9838014375903,,0.50276142330167,0.540641846369185,0.452728998915389,,,0.0503737727479398,4.98231392488844
"Bridgeport-Stamford-Norwalk, CT MSA",943332,1,0.1,1.1,0.9,0.94,0.0038,0.4,0.44,0.054,0.79,0.26,0.12,0.17,40.9378604830412,10.357880192448,,0.699593411449092,0.0936895995027834,0.796877237787663,,,0.946231260540612,2.70985518312187
"Greenville-Anderson, SC MSA",920477,1,0.1,1.1,0.9,0.94,0.0038,0.4,0.44,0.054,0.79,0.26,0.12,0.17,46.7656686722923,9.55947492310798,,0.742067029148699,0.556501167594788,0.635002993667694,,,0.985598976555573,2.75191515348329
"Albuquerque, NM MSA",918018,1,0.1,1.1,0.9,0.94,0.0038,0.4,0.44,0.054,0.79,0.26,0.12,0.17,28.8280089191106,41.8192858377078,,0.295123911577693,6.33602765261831,0.364647037370597,,,0.941390442472611,7.97540902528356
"Bakersfield, CA MSA",900202,1,0.1,1.1,0.9,0.94,0.0038,0.4,0.44,0.054,0.79,0.26,0.12,0.17,50.8991254238166,9.63124083221681,,0.745982688860468,0.357028474619218,0.669029686032683,,,0.845918262601179,3.55159993244222
"Albany-Schenectady-Troy, NY MSA",880381,1,0.1,1.1,0.9,0.94,0.0038,0.4,0.44,0.054,0.79,0.26,0.12,0.17,31.7744878058422,22.9871185784331,,0.663396003976681,7.43222361753993,0.536175677997411,,,0.0198120642411469,4.56795074589373
"Knoxville, TN MSA",869046,1,0.1,1.1,0.9,0.94,0.0038,0.4,0.44,0.054,0.79,0.26,0.12,0.17,44.4669316160575,17.0081208517207,,0.456441213231087,1.76904631834468,0.485103371538187,,,0.951767986548644,2.29832812528241
"McAllen-Edinburg-Mission, TX MSA",868707,1,0.1,1.1,0.9,0.94,0.0038,0.4,0.44,0.054,0.79,0.26,0.12,0.17,60.2029980596065,1.06365032039246,,10.2246613805249,6.5319999007102,0.97266295431347,,,0.956371666692846,0.638857955502305
"Baton Rouge, LA MSA",854884,1,0.1,1.1,0.9,0.94,0.0038,0.4,0.44,0.054,0.79,0.26,0.12,0.17,50.893749007143,1.01630881346088,,2.53761040025467,0.236706579260364,0.916432950301521,,,0.906453519838988,2.35875826414861
"North Port-Sarasota-Bradenton, FL MSA",854757,1,0.1,1.1,0.9,0.94,0.0038,0.4,0.44,0.054,0.79,0.26,0.12,0.17,47.1814587989056,2.0195380335018,,1.0545402991547,0.0883543066155096,0.869849708740426,,,0.953943716991821,2.72259880877608
"New Haven-Milford, CT MSA",846006,1,0.1,1.1,0.9,0.94,0.0038,0.4,0.44,0.054,0.79,0.26,0.12,0.17,36.3205946516444,25.2066340783141,,0.353094839900785,4.66419246263165,0.383990061670843,,,0.928124311619957,4.6029259665917
"Columbia, SC MSA",844124,1,0.1,1.1,0.9,0.94,0.0038,0.4,0.44,0.054,0.79,0.26,0.12,0.17,43.5374621272645,17.2022183192617,,0.383940858484262,0.0920565988420216,0.546890440693577,,,0.986530468262534,1.87873265875304
"Allentown-Bethlehem-Easton, PA-NJ MSA",844052,1,0.1,1.1,0.9,0.94,0.0038,0.4,0.44,0.054,0.79,0.26,0.12,0.17,41.3964184884223,25.7010782820766,,0.480535738720963,0.533938601187221,0.58861104558983,,,0.952617702217115,10.4577846442539
"El Paso, TX MSA",838433,1,0.1,1.1,0.9,0.94,0.0038,0.4,0.44,0.054,0.79,0.26,0.12,0.17,34.9958129861952,19.2203665140488,,0.419225782060624,0.206770545041156,0.528601953750234,,,0.98635303383087,4.16996896563738
"Oxnard-Thousand Oaks-Ventura, CA MSA",836995,1,0.1,1.1,0.9,0.94,0.0038,0.4,0.44,0.054,0.79,0.26,0.12,0.17,32.009897205711,35.1199157255537,,0.304765014300205,6.34850429596352,0.3362598479575,,,0.983514661135566,3.2751657316117
"Charleston-North Charleston, SC MSA",807611,1,0.1,1.1,0.9,0.94,0.0038,0.4,0.44,0.054,0.79,0.26,0.12,0.17,52.2991998187793,3.23009649944391,,1.70071189278127,0.477928096994631,0.826959093306053,,,0.951492784371232,2.32733906731142
"Dayton-Kettering, OH MSA",802122,1,0.1,1.1,0.9,0.94,0.0038,0.4,0.44,0.054,0.79,0.26,0.12,0.17,40.3860481343948,20.9339569037618,,0.443532367391092,8.42222566012251,0.454975178410933,,,0.576931101422987,1.1435701336261
"Cape Coral-Fort Myers, FL MSA",771851,1,0.1,1.1,0.9,0.94,0.0038,0.4,0.44,0.054,0.79,0.26,0.12,0.17,51.2922992782583,1.6091540818654,,4.30987622395717,0.476348769814707,0.923054106911914,,,0.0492743902944649,5.53864542684594
"Greensboro-High Point, NC MSA",770577,1,0.1,1.1,0.9,0.94,0.0038,0.4,0.44,0.054,0.79,0.26,0.12,0.17,38.2435072502361,25.5102910977101,,0.383051655292964,5.73884882163838,0.412750960508232,,,0.905931799999735,2.99775674175416
"Boise City, ID MSA",762148,1,0.1,1.1,0.9,0.94,0.0038,0.4,0.44,0.054,0.79,0.26,0.12,0.17,43.2963332561297,3.57069041751591,,0.986465315296752,0.249776688441154,0.753755107162376,,,0.905866239378427,1.62685693990227
"Stockton, CA MSA",749202,1,0.1,1.1,0.9,0.94,0.0038,0.4,0.44,0.054,0.79,0.26,0.12,0.17,45.4801967750927,17.5156182040071,,0.527830190102673,9.37427563509908,0.54573485009345,,,0.976188557862333,0.963049595142052
"Colorado Springs, CO MSA",745791,1,0.1,1.1,0.9,0.94,0.0038,0.4,0.44,0.054,0.79,0.26,0.12,0.17,38.9588443862575,20.0031057713342,,0.545291219453011,1.03041177970698,0.563828810915966,,,0.270845670265977,4.35549487023119
"Little Rock-North Little Rock-Conway, AR MSA",742384,1,0.1,1.1,0.9,0.94,0.0038,0.4,0.44,0.054,0.79,0.26,0.12,0.17,39.3823694510603,18.4781668712165,,0.454553603843659,7.74363120864707,0.472389679750117,,,0.962659512022344,2.40155641281591
"Lakeland-Winter Haven, FL MSA",724777,1,0.1,1.1,0.9,0.94,0.0038,0.4,0.44,0.054,0.79,0.26,0.12,0.17,43.3449016027361,21.2760005567231,,0.389307306630197,3.52603745739057,0.411124623241303,,,0.978220379398863,4.48526878189555
"Des Moines-West Des Moines, IA MSA",703479,1,0.1,1.1,0.9,0.94,0.0038,0.4,0.44,0.054,0.79,0.26,0.12,0.17,35.0625040072977,23.9362447142391,,0.558699864033658,0.513800022483621,0.5439993585653,,,0.0207391137393964,7.04469225758043
"Akron, OH MSA",699292,1,0.1,1.1,0.9,0.94,0.0038,0.4,0.44,0.054,0.79,0.26,0.12,0.17,44.7814328715075,0.0846130721757952,,3.3307453359526,0.285226765262392,0.896188543993129,,,0.0446972539438442,3.05372032588529
"Springfield, MA MSA",697382,1,0.1,1.1,0.9,0.94,0.0038,0.4,0.44,0.054,0.79,0.26,0.12,0.17,41.2337927381762,22.4967312968426,,0.671493078542462,0.89753504817377,0.565282196197985,,,0.0528354357782723,6.67646286841387
"Ogden-Clearfield, UT MSA",683864,1,0.1,1.1,0.9,0.94,0.0038,0.4,0.44,0.054,0.79,0.26,0.12,0.17,38.39862681531,20.0016269281677,,0.386677075140918,0.707764836259873,0.436327644391818,,,0.971907293461783,2.6232677994499
"Deltona-Daytona Beach-Ormond Beach, FL MSA",679158,1,0.1,1.1,0.9,0.94,0.0038,0.4,0.44,0.054,0.79,0.26,0.12,0.17,45.5962579123524,0.44121217724369,,1.89214312730105,0.132860095146471,0.921646096979513,,,0.97045271617564,6.72363773771756
"Winston-Salem, NC MSA",676008,1,0.1,1.1,0.9,0.94,0.0038,0.4,0.44,0.054,0.79,0.26,0.12,0.17,31.0893558460329,33.2524858728838,,0.370156581265411,6.83022512329152,0.355525084823305,,,0.0745644854152176,2.24600024306679
"Poughkeepsie-Newburgh-Middletown, NY MSA",668365,1,0.1,1.1,0.9,0.94,0.0038,0.4,0.44,0.054,0.79,0.26,0.12,0.17,36.6842284128639,28.2751865395922,,0.33231205131688,8.5454589514737,0.376706537446586,,,0.968162282133264,2.24549256244051
"Madison, WI MSA",664865,1,0.1,1.1,0.9,0.94,0.0038,0.4,0.44,0.054,0.79,0.26,0.12,0.17,41.9177631800812,11.5780516621861,,0.632875206265428,0.606950897270634,0.613473699394117,,,0.776001510122657,2.42818405165047
"Provo-Orem, UT MSA",648593,1,0.1,1.1,0.9,0.94,0.0038,0.4,0.44,0.054,0.79,0.26,0.12,0.17,45.4232132408939,13.3400480444133,,1.10689965005491,9.5266961415603,0.682236014360123,,,0.0350617762985376,2.41862766093859
"Durham-Chapel Hill, NC MSA",648252,1,0.1,1.1,0.9,0.94,0.0038,0.4,0.44,0.054,0.79,0.26,0.12,0.17,44.2806073996391,24.3225271618992,,0.40008358925704,9.13341186602027,0.431229266385089,,,0.939460501984893,4.33690180552792
"Syracuse, NY MSA",644367,1,0.1,1.1,0.9,0.94,0.0038,0.4,0.44,0.054,0.79,0.26,0.12,0.17,40.1835132389378,13.7956453109103,,0.569240103564778,0.22149368880542,0.615767909548138,,,0.41687293340641,3.01975357118329
"Wichita, KS MSA",641816,1,0.1,1.1,0.9,0.94,0.0038,0.4,0.44,0.054,0.79,0.26,0.12,0.17,42.3348105936452,19.4912415649466,,0.726334496395016,0.606943837785902,0.594325191588137,,,0.0201892774412342,10.9503208039071
"Toledo, OH MSA",640218,1,0.1,1.1,0.9,0.94,0.0038,0.4,0.44,0.054,0.79,0.26,0.12,0.17,46.6319610648706,17.8936494519091,,0.465920561389946,6.85303553967328,0.498029413450266,,,0.829489198516686,2.26078256971941
"Augusta-Richmond County, GA-SC MSA",608980,1,0.1,1.1,0.9,0.94,0.0038,0.4,0.44,0.054,0.79,0.26,0.12,0.17,49.1565430874648,2.55039351593826,,0.963066643373637,0.139814839660919,0.808009798330133,,,0.874801399607855,2.60807694479705
"Palm Bay-Melbourne-Titusville, FL MSA",601942,1,0.1,1.1,0.9,0.94,0.0038,0.4,0.44,0.054,0.79,0.26,0.12,0.17,50.7344706573578,1.93309991503795,,1.09932830777257,0.233093447545695,0.788559005203352,,,0.967320796848239,1.45103457657025
"Jackson, MS MSA",594806,1,0.1,1.1,0.9,0.94,0.0038,0.4,0.44,0.054,0.79,0.26,0.12,0.17,36.3102748839375,21.9534956284526,,0.605538100563242,4.33084385842983,0.520959119647919,,,0.0356688768993139,2.41211375590052
"Harrisburg-Carlisle, PA MSA",577941,1,0.1,1.1,0.9,0.94,0.0038,0.4,0.44,0.054,0.79,0.26,0.12,0.17,38.0349530841425,26.701421694879,,0.331817862840549,0.127022755694975,0.496533528842937,,,0.964914105874819,16.0157292033421
"Spokane-Spokane Valley, WA MSA",568521,1,0.1,1.1,0.9,0.94,0.0038,0.4,0.44,0.054,0.79,0.26,0.12,0.17,26.5986537291511,35.9929401324489,,0.2708559532087,8.68697316339219,0.294922872896995,,,0.995266631471109,1.03985292602893
"Chattanooga, TN-GA MSA",565194,1,0.1,1.1,0.9,0.94,0.0038,0.4,0.44,0.054,0.79,0.26,0.12,0.17,45.3543404535637,16.0984520024172,,0.470573820802976,9.79537095490785,0.446687847631727,,,0.640277300443,2.31153972573542
"Scranton–Wilkes-Barre, PA MSA",553885,1,0.1,1.1,0.9,0.94,0.0038,0.4,0.44,0.054,0.79,0.26,0.12,0.17,36.1451936567449,33.0557042750857,,0.479763876541166,3.40662978634126,0.524556907668175,,,0.0779025345800126,9.91181430657522
"Modesto, CA MSA",550660,1,0.1,1.1,0.9,0.94,0.0038,0.4,0.44,0.054,0.79,0.26,0.12,0.17,40.0223748128702,24.6745598165918,,0.320804423172635,0.546348585958864,0.358924938538332,,,0.983094228691613,1.81473887257338
"Fayetteville-Springdale-Rogers, AR MSA",550391,1,0.1,1.1,0.9,0.94,0.0038,0.4,0.44,0.054,0.79,0.26,0.12,0.17,42.8588651980436,23.1380365347943,,0.412443172156622,2.4348468453078,0.484509268189047,,,0.971488726476238,1.879515162223
"Lansing-East Lansing, MI MSA",545724,1,0.1,1.1,0.9,0.94,0.0038,0.4,0.44,0.054,0.79,0.26,0.12,0.17,50.1733707982031,14.9681806997808,,0.590848464587534,0.296377476393332,0.647201705684242,,,0.999465885359211,9.67534954849638
"Lancaster, PA MSA",538500,1,0.1,1.1,0.9,0.94,0.0038,0.4,0.44,0.054,0.79,0.26,0.12,0.17,46.3547978097688,1.92650443863349,,4.03274818973648,0.440057198520387,0.930441518887038,,,0.0762163621049356,5.67422921577947
"Portland-South Portland, ME MSA",536081,1,0.1,1.1,0.9,0.94,0.0038,0.4,0.44,0.054,0.79,0.26,0.12,0.17,43.9043209448995,15.9991674976926,,0.493664560196768,0.180152335828494,0.635913167747951,,,0.952222502140286,8.54025637592041
"Youngstown-Warren-Boardman, OH-PA MSA",534904,1,0.1,1.1,0.9,0.94,0.0038,0.4,0.44,0.054,0.79,0.26,0.12,0.17,51.4902071931454,7.39235542460988,,0.729205243615804,9.12644649829968,0.557501306923263,,,0.9620346814841,1.09362276137376
"Fayetteville, NC MSA",526719,1,0.1,1.1,0.9,0.94,0.0038,0.4,0.44,0.054,0.79,0.26,0.12,0.17,43.0783101306639,4.87257892878881,,0.442272003397649,0.0619589939693452,0.633701952311171,,,0.993286202256451,3.61899287141539
"Lexington-Fayette, KY MSA",517056,1,0.1,1.1,0.9,0.94,0.0038,0.4,0.44,0.054,0.79,0.26,0.12,0.17,34.3411837674361,28.4106827656314,,0.315866369487173,2.202697160217,0.345340195853579,,,0.98522160759616,1.21746375004906
"Myrtle Beach-Conway-North Myrtle Beach, SC-NC MSA",502629,1,0.1,1.1,0.9,0.94,0.0038,0.4,0.44,0.054,0.79,0.26,0.12,0.17,38.5667153705639,26.9923635489819,,0.408290522267022,8.96120619220286,0.453132621482742,,,0.287967143486969,2.15098690896231
"Pensacola-Ferry Pass-Brent, FL MSA",496901,1,0.1,1.1,0.9,0.94,0.0038,0.4,0.44,0.054,0.79,0.26,0.12,0.17,49.0472105427304,2.17923866404468,,3.08886697613115,7.26557340869792,0.852609611153839,,,0.902784585289905,1.61265241667432
"Port St. Lucie, FL MSA",494336,1,0.1,1.1,0.9,0.94,0.0038,0.4,0.44,0.054,0.79,0.26,0.12,0.17,28.9062767961021,31.577029108817,,0.287406128568788,8.95534164676136,0.304038136689991,,,0.695871315335949,1.34711988343119
"Santa Rosa-Petaluma, CA MSA",489297,1,0.1,1.1,0.9,0.94,0.0038,0.4,0.44,0.054,0.79,0.26,0.12,0.17,53.2260338735515,2.17406249622414,,2.08028777240783,0.49172142058011,0.847265988606125,,,0.971113647689892,2.3495456669879
"Lafayette, LA MSA",489207,1,0.1,1.1,0.9,0.94,0.0038,0.4,0.44,0.054,0.79,0.26,0.12,0.17,47.1990117994473,17.9531146873957,,0.533039253874331,3.97651182577826,0.533831886941663,,,0.991395006688933,1.23998917030642
"Huntsville, AL MSA",475642,1,0.1,1.1,0.9,0.94,0.0038,0.4,0.44,0.054,0.79,0.26,0.12,0.17,34.9107236105197,28.3044705867355,,0.337843644085773,0.311833708217885,0.442523853861805,,,0.89498896767777,2.53031584677693
"Reno, NV MSA",471824,1,0.1,1.1,0.9,0.94,0.0038,0.4,0.44,0.054,0.79,0.26,0.12,0.17,45.6902460247009,13.4631821834023,,0.532632673388414,5.28979485398706,0.521501269035023,,,0.910575212063577,1.25531735766464
"Springfield, MO MSA",470300,1,0.1,1.1,0.9,0.94,0.0038,0.4,0.44,0.054,0.79,0.26,0.12,0.17,42.8793577918802,14.554328588078,,0.430865060513407,1.90429719961055,0.473938247394365,,,0.998968494890953,1.6824779525275
"Visalia, CA MSA",466195,1,0.1,1.1,0.9,0.94,0.0038,0.4,0.44,0.054,0.79,0.26,0.12,0.17,36.6911448431745,35.6119163143869,,0.302002455664213,4.96551124397314,0.319366555397076,,,0.934969714802587,1.81546594043777
"Killeen-Temple, TX MSA",462680,1,0.1,1.1,0.9,0.94,0.0038,0.4,0.44,0.054,0.79,0.26,0.12,0.17,51.8426775203916,8.17472785738442,,1.66654843876598,8.26905717311928,0.76411844248434,,,0.028082930222322,2.29267296256731
"Asheville, NC MSA",460303,1,0.1,1.1,0.9,0.94,0.0038,0.4,0.44,0.054,0.79,0.26,0.12,0.17,44.0496268836927,13.7942794133029,,0.43790451226972,0.196326088668663,0.545015901656965,,,0.656104109146269,0.841937010169784
"York-Hanover, PA MSA",449058,1,0.1,1.1,0.9,0.94,0.0038,0.4,0.44,0.054,0.79,0.26,0.12,0.17,42.0401311134554,26.8452326626901,,0.360354086166737,1.99568005958676,0.433635710735662,,,0.977519553383467,3.49613419211564
"Vallejo, CA MSA",447643,1,0.1,1.1,0.9,0.94,0.0038,0.4,0.44,0.054,0.79,0.26,0.12,0.17,29.5403760546376,1.76175005780657,,11.002805955711,8.74457588551227,0.973406008714864,,,0.0196461144094635,0.365936564578807
"Santa Maria-Santa Barbara, CA MSA",446499,1,0.1,1.1,0.9,0.94,0.0038,0.4,0.44,0.054,0.79,0.26,0.12,0.17,45.2045072442432,6.16851567945739,,1.18608444001359,0.232479393404124,0.787726697542646,,,0.067142009968189,1.05587023827469
"Salem, OR MSA",434061,1,0.1,1.1,0.9,0.94,0.0038,0.4,0.44,0.054,0.79,0.26,0.12,0.17,50.3617648677324,5.78063456454441,,1.01196080934525,7.01153432150892,0.66505276588804,,,0.872563275386368,3.38215729765405
"Salinas, CA MSA",433903,1,0.1,1.1,0.9,0.94,0.0038,0.4,0.44,0.054,0.79,0.26,0.12,0.17,39.3502689910898,22.9818991300557,,0.392285055982295,8.20114244818423,0.442708315772232,,,0.992691943592059,3.98894914305756
"Corpus Christi, TX MSA",429536,1,0.1,1.1,0.9,0.94,0.0038,0.4,0.44,0.054,0.79,0.26,0.12,0.17,43.1877244366189,30.9018429751324,,0.353600184631232,6.04601810650983,0.410534430760159,,,0.986035493775647,5.01111365490234
"Mobile, AL MSA",429024,1,0.1,1.1,0.9,0.94,0.0038,0.4,0.44,0.054,0.79,0.26,0.12,0.17,59.4452695568269,0.846794117845087,,10.6872335664189,7.75585319174686,0.976500061397699,,,0.847632300754255,0.784569406694834
"Brownsville-Harlingen, TX MSA",423163,1,0.1,1.1,0.9,0.94,0.0038,0.4,0.44,0.054,0.79,0.26,0.12,0.17,46.7476504079537,22.412530031737,,0.372445472187236,1.88340155876774,0.405273259880283,,,0.968125489165121,0.584626920970088
"Salisbury, MD-DE MSA",421164,1,0.1,1.1,0.9,0.94,0.0038,0.4,0.44,0.054,0.79,0.26,0.12,0.17,38.5304564596148,38.5488351148993,,0.346932298817502,8.05180105682555,0.464341322312796,,,0.87754376430209,5.35266495169172
"Reading, PA MSA",417665,1,0.1,1.1,0.9,0.94,0.0038,0.4,0.44,0.054,0.79,0.26,0.12,0.17,50.267148186412,1.79054969039873,,2.12987529711666,0.443809692741074,0.8703626999168,,,0.766339540531614,1.82292395371881
"Gulfport-Biloxi, MS MSA",417025,1,0.1,1.1,0.9,0.94,0.0038,0.4,0.44,0.054,0.79,0.26,0.12,0.17,28.3953748056134,37.9841263428564,,0.378337896237776,8.5052390729641,0.364364649149324,,,0.0448849266417277,7.91519655140319
"Manchester-Nashua, NH MSA",415726,1,0.1,1.1,0.9,0.94,0.0038,0.4,0.44,0.054,0.79,0.26,0.12,0.17,46.777462312802,0.213028512165052,,3.11164922655907,0.267534070942426,0.87807838420942,,,0.0473097413530238,3.70374298142381
"Fort Wayne, IN MSA",413263,1,0.1,1.1,0.9,0.94,0.0038,0.4,0.44,0.054,0.79,0.26,0.12,0.17,48.920042693037,4.800541678357,,1.15629823863445,0.180793897493179,0.792804449262681,,,0.0713529227126996,3.80152585651875
"Flint, MI MSA",405813,1,0.1,1.1,0.9,0.94,0.0038,0.4,0.44,0.054,0.79,0.26,0.12,0.17,53.8002164734052,2.28194759070185,,2.05673455592629,0.290006752441707,0.890273388038914,,,0.977586962716036,1.1816359567485
"Anchorage, AK MSA",400561,1,0.1,1.1,0.9,0.94,0.0038,0.4,0.44,0.054,0.79,0.26,0.12,0.17,44.9999943365764,4.96363818029729,,0.429446990605269,0.0816495135364437,0.603284682594601,,,0.959429300345136,3.3861523507342
"Peoria, IL MSA",397520,1,0.1,1.1,0.9,0.94,0.0038,0.4,0.44,0.054,0.79,0.26,0.12,0.17,19.2211881356602,48.6697237804175,,0.311040300790099,2.60431318127316,0.33350749496025,,,0.0300074380486037,4.04620592964321
"Canton-Massillon, OH MSA",396317,1,0.1,1.1,0.9,0.94,0.0038,0.4,0.44,0.054,0.79,0.26,0.12,0.17,44.7664330064418,14.882329533082,,0.461066949145614,3.41297836769829,0.494845610405805,,,0.911643065151691,1.4343094918253
"Savannah, GA MSA",394706,1,0.1,1.1,0.9,0.94,0.0038,0.4,0.44,0.054,0.79,0.26,0.12,0.17,43.8672165731078,16.7322233653053,,0.55664952196411,0.354926862004779,0.620926029883506,,,0.942879588216504,1.7862850193197
"Naples-Marco Island, FL MSA",393353,1,0.1,1.1,0.9,0.94,0.0038,0.4,0.44,0.054,0.79,0.26,0.12,0.17,53.3131662375624,1.40740164176421,,1.69442192925102,0.302179155107165,0.851507884897318,,,0.979249171646896,1.90303759799897
"Shreveport-Bossier City, LA MSA",392563,1,0.1,1.1,0.9,0.94,0.0038,0.4,0.44,0.054,0.79,0.26,0.12,0.17,59.7446550639807,1.06741054076786,,13.5168518536801,8.32789509048433,0.99239223697807,,,0.82464592764392,0.929072759105395
"Beaumont-Port Arthur, TX MSA",387227,1,0.1,1.1,0.9,0.94,0.0038,0.4,0.44,0.054,0.79,0.26,0.12,0.17,42.7574683515399,30.9131579328246,,0.315249698072557,3.56187332243287,0.375250697116032,,,0.976796178945705,1.67756443704226
"Tallahassee, FL MSA",384902,1,0.1,1.1,0.9,0.94,0.0038,0.4,0.44,0.054,0.79,0.26,0.12,0.17,37.6903797569185,21.3577251703473,,0.378813460270211,0.781075961062743,0.409705389478531,,,0.984441054005939,4.31199304941679
"Eugene-Springfield, OR MSA",382067,1,0.1,1.1,0.9,0.94,0.0038,0.4,0.44,0.054,0.79,0.26,0.12,0.17,49.9888103478394,1.97500150092654,,0.978478017186501,0.27453352168656,0.770589114043926,,,0.62295926171537,0.938097356150981
"Davenport-Moline-Rock Island, IA-IL MSA",379172,1,0.1,1.1,0.9,0.94,0.0038,0.4,0.44,0.054,0.79,0.26,0.12,0.17,54.7060554825779,1.04472001596317,,1.12107224673959,0.130760826710201,0.847181415168511,,,0.872150531602929,4.88769027251856
"Ocala, FL MSA",373290,1,0.1,1.1,0.9,0.94,0.0038,0.4,0.44,0.054,0.79,0.26,0.12,0.17,43.653645701077,4.25199026249504,,0.870828305216572,0.156238427726585,0.729956533161885,,,0.197545811173325,4.44555186229401
"Montgomery, AL MSA",369711,1,0.1,1.1,0.9,0.94,0.0038,0.4,0.44,0.054,0.79,0.26,0.12,0.17,55.2170253440079,5.70181933766635,,1.11037831759025,9.46867482608302,0.677722853452623,,,0.795264155717529,2.82996300664995
"Hickory-Lenoir-Morganton, NC MSA",367601,1,0.1,1.1,0.9,0.94,0.0038,0.4,0.44,0.054,0.79,0.26,0.12,0.17,40.8565380015815,22.6105162536678,,0.453117224551711,4.2962171807899,0.512188148668901,,,0.920499982492863,0.829905699720992
"Trenton-Princeton, NJ MSA",367430,1,0.1,1.1,0.9,0.94,0.0038,0.4,0.44,0.054,0.79,0.26,0.12,0.17,45.0384265996455,2.7156611115655,,0.818401340266785,0.0759468077521015,0.824557219802785,,,0.855992399552271,8.20763911429577
"Ann Arbor, MI MSA",365579,1,0.1,1.1,0.9,0.94,0.0038,0.4,0.44,0.054,0.79,0.26,0.12,0.17,52.1305755372394,11.5009279863337,,0.556915591831445,2.84698820776135,0.550274939811628,,,0.940948679419244,1.70557758524994
"Fort Collins, CO MSA",356899,1,0.1,1.1,0.9,0.94,0.0038,0.4,0.44,0.054,0.79,0.26,0.12,0.17,38.1251292865217,19.7081414246413,,0.669534071275702,9.15695020729211,0.587890648645591,,,0.0239235113826485,6.32189236635514
"Huntington-Ashland, WV-KY-OH MSA",355873,1,0.1,1.1,0.9,0.94,0.0038,0.4,0.44,0.054,0.79,0.26,0.12,0.17,51.361704915233,21.451325154968,,0.379945697792337,5.42417217083371,0.466165615625172,,,0.995732724922437,1.70500343325285
"Lincoln, NE MSA",336374,1,0.1,1.1,0.9,0.94,0.0038,0.4,0.44,0.054,0.79,0.26,0.12,0.17,48.9486991117461,0.423756991652421,,2.01129319158825,0.222385700047696,0.838086821269027,,,0.0211569661861851,2.70028498879665
"Rockford, IL MSA",336116,1,0.1,1.1,0.9,0.94,0.0038,0.4,0.44,0.054,0.79,0.26,0.12,0.17,41.0965147043419,8.04135809764089,,0.620746497437349,0.12362597347666,0.575320789215225,,,0.038551259864681,4.68219639584978
"Greeley, CO MSA",329128,1,0.1,1.1,0.9,0.94,0.0038,0.4,0.44,0.054,0.79,0.26,0.12,0.17,41.2983026122102,15.3121179236347,,0.452514227764511,6.95272049286706,0.471044434181433,,,0.932075366105636,1.47336322185307
"Gainesville, FL MSA",326196,1,0.1,1.1,0.9,0.94,0.0038,0.4,0.44,0.054,0.79,0.26,0.12,0.17,45.4748021322221,1.87322843692071,,0.996005117545997,0.149515506043957,0.808667674818967,,,0.973628910132962,3.22500454149941
"Boulder, CO MSA",324492,1,0.1,1.1,0.9,0.94,0.0038,0.4,0.44,0.054,0.79,0.26,0.12,0.17,43.7787848942273,0.324145562702784,,2.28726764191301,0.165308253006066,0.885347623713606,,,0.0437741856413628,7.98186590207373
"Lubbock, TX MSA",323613,1,0.1,1.1,0.9,0.94,0.0038,0.4,0.44,0.054,0.79,0.26,0.12,0.17,43.9644894557761,11.6560785886475,,0.485782688585459,0.0928619338685128,0.658230794110663,,,0.463074079179745,5.14675954497315
"Spartanburg, SC MSA",322906,1,0.1,1.1,0.9,0.94,0.0038,0.4,0.44,0.054,0.79,0.26,0.12,0.17,44.2381135457635,47.4473449705415,,0.289512953483423,6.48016762094555,0.416778800396027,,,0.976969703168929,2.38206134885466
"Green Bay, WI MSA",322257,1,0.1,1.1,0.9,0.94,0.0038,0.4,0.44,0.054,0.79,0.26,0.12,0.17,45.3971162736397,19.6990345413828,,0.425337827247925,6.3773513011009,0.459816770998768,,,0.988588837510677,0.934585382531196
"South Bend-Mishawaka, IN-MI MSA",321048,1,0.1,1.1,0.9,0.94,0.0038,0.4,0.44,0.054,0.79,0.26,0.12,0.17,45.991317936103,26.3630096248698,,0.349556232650317,4.85173411903458,0.372300326630362,,,0.988879263425296,2.78221017605596
"Columbus, GA-AL MSA",319785,1,0.1,1.1,0.9,0.94,0.0038,0.4,0.44,0.054,0.79,0.26,0.12,0.17,41.5688686063856,24.5699632733175,,0.364952738778794,8.08259303063173,0.386989947599502,,,0.459891767734318,1.96793463180913
"Evansville, IN-KY MSA",315086,1,0.1,1.1,0.9,0.94,0.0038,0.4,0.44,0.054,0.79,0.26,0.12,0.17,50.3957784199477,3.67955054957099,,0.729384337070037,0.124907591821522,0.760747018500642,,,0.904066394028188,4.88303292988493
"Clarksville, TN-KY MSA",313222,1,0.1,1.1,0.9,0.94,0.0038,0.4,0.44,0.054,0.79,0.26,0.12,0.17,53.1826776714202,12.9335228714262,,0.504272979375774,9.2287800210583,0.500866376855758,,,0.98581186685383,1.16154740903875
"Roanoke, VA MSA",307820,1,0.1,1.1,0.9,0.94,0.0038,0.4,0.44,0.054,0.79,0.26,0.12,0.17,45.1341517005965,22.8075668680869,,0.361681799840734,7.05141210304245,0.417470440915473,,,0.87344875801053,2.15533466382159
"Kingsport-Bristol, TN-VA MSA",307202,1,0.1,1.1,0.9,0.94,0.0038,0.4,0.44,0.054,0.79,0.26,0.12,0.17,41.8342180827264,25.5192688744846,,0.347291331878196,0.512691092332104,0.47726739173037,,,0.334094551660834,1.28310660075994
"Kennewick-Richland, WA MSA",299612,1,0.1,1.1,0.9,0.94,0.0038,0.4,0.44,0.054,0.79,0.26,0.12,0.17,48.3521830401595,14.5189200021515,,0.608009777694478,6.08160781763951,0.557514601749128,,,0.898219070284621,1.37014957889333
"Wilmington, NC MSA",297533,1,0.1,1.1,0.9,0.94,0.0038,0.4,0.44,0.054,0.79,0.26,0.12,0.17,51.6272428839081,7.33762160902713,,0.648539223121053,9.42395471670796,0.549726722869063,,,0.920403401616583,2.60456677565915
"Olympia-Lacey-Tumwater, WA MSA",290536,1,0.1,1.1,0.9,0.94,0.0038,0.4,0.44,0.054,0.79,0.26,0.12,0.17,38.0228377281422,23.3873704966203,,0.306895103786629,7.49058306961255,0.364416915913528,,,0.971582430051039,1.41980426296494
"Hagerstown-Martinsburg, MD-WV MSA",289990,1,0.1,1.1,0.9,0.94,0.0038,0.4,0.44,0.054,0.79,0.26,0.12,0.17,43.5055942961392,20.2775940257789,,0.383385237046451,0.190748388151868,0.520574277705477,,,0.860332003980392,4.45517808582949
"Crestview-Fort Walton Beach-Destin, FL MSA",288732,1,0.1,1.1,0.9,0.94,0.0038,0.4,0.44,0.054,0.79,0.26,0.12,0.17,52.4867364857946,1.42403333198365,,0.868088482180375,0.148046440677685,0.7966876697389,,,0.908927101578471,4.53579837531193
"Duluth, MN-WI MSA",288104,1,0.1,1.1,0.9,0.94,0.0038,0.4,0.44,0.054,0.79,0.26,0.12,0.17,54.3893192844812,2.80511230760003,,2.08475107204595,0.28419186194217,0.879088194330389,,,0.0889928137450831,3.12448025470889
"Utica-Rome, NY MSA",286657,1,0.1,1.1,0.9,0.94,0.0038,0.4,0.44,0.054,0.79,0.26,0.12,0.17,43.2095285838642,28.2015086341308,,0.28066286867076,8.06717393831843,0.281267491802272,,,0.961687324977624,0.723196644765121
"Longview, TX MSA",284809,1,0.1,1.1,0.9,0.94,0.0038,0.4,0.44,0.054,0.79,0.26,0.12,0.17,40.1890741236622,17.2779894988022,,0.43307036357185,5.46065674899683,0.45821464884634,,,0.518527676648483,2.73802885811723
"San Luis Obispo-Paso Robles, CA MSA",283111,1,0.1,1.1,0.9,0.94,0.0038,0.4,0.44,0.054,0.79,0.26,0.12,0.17,47.716139400874,6.20450407755399,,1.05011948546895,7.63341983619864,0.701731201062897,,,0.915414239562641,2.03680067893173
"Merced, CA MSA",277680,1,0.1,1.1,0.9,0.94,0.0038,0.4,0.44,0.054,0.79,0.26,0.12,0.17,60.2699821825921,0.797857374067595,,10.6927172387182,6.37465478162296,0.977102083973992,,,0.848088652465053,0.716907436823815
"Laredo, TX MSA",276652,1,0.1,1.1,0.9,0.94,0.0038,0.4,0.44,0.054,0.79,0.26,0.12,0.17,50.9003523445462,12.0609650059896,,0.549770270177969,0.443679903210106,0.590428788628872,,,0.984522000540104,1.00722446543541
"Waco, TX MSA",273920,1,0.1,1.1,0.9,0.94,0.0038,0.4,0.44,0.054,0.79,0.26,0.12,0.17,53.043095700844,0.450880149520047,,14.7985051065188,8.58955883262748,0.997779115290297,,,0.91063078605226,0.524872044796942
"Cedar Rapids, IA MSA",273213,1,0.1,1.1,0.9,0.94,0.0038,0.4,0.44,0.054,0.79,0.26,0.12,0.17,39.1753580975227,17.9825666844128,,0.382252300415707,5.99946015313031,0.431730399408742,,,0.722293867703749,1.19122154857763
"Sioux Falls, SD MSA",273032,1,0.1,1.1,0.9,0.94,0.0038,0.4,0.44,0.054,0.79,0.26,0.12,0.17,53.9039281874835,2.0221484766895,,1.38078922284213,0.189196597816349,0.861987991199973,,,0.844599788931929,2.07188801554256
"Bremerton-Silverdale-Port Orchard, WA MSA",271473,1,0.1,1.1,0.9,0.94,0.0038,0.4,0.44,0.054,0.79,0.26,0.12,0.17,36.4962911162345,24.3935668095892,,0.323305891392041,7.77712645205163,0.424503017742238,,,0.942795076732195,0.796558266427601
"Santa Cruz-Watsonville, CA MSA",269728,1,0.1,1.1,0.9,0.94,0.0038,0.4,0.44,0.054,0.79,0.26,0.12,0.17,51.9236360260581,3.24942576782706,,2.03192722272243,0.521135403957011,0.836762226310069,,,0.0561328738976651,2.86134970026998
"Erie, PA MSA",268232,1,0.1,1.1,0.9,0.94,0.0038,0.4,0.44,0.054,0.79,0.26,0.12,0.17,40.1818816226465,40.4449879998899,,0.331156374394986,4.23994259100026,0.456352004872079,,,0.925796419686325,3.05285997178825
"College Station-Bryan, TX MSA",265206,1,0.1,1.1,0.9,0.94,0.0038,0.4,0.44,0.054,0.79,0.26,0.12,0.17,51.6053762378423,3.29933609746704,,0.849599194514353,0.113386096221049,0.795328412951868,,,0.44027963217853,1.54169668908237
"Kalamazoo-Portage, MI MSA",265066,1,0.1,1.1,0.9,0.94,0.0038,0.4,0.44,0.054,0.79,0.26,0.12,0.17,55.7422108863571,3.03664601181613,,4.64330710225699,0.933306653148132,0.903406595820294,,,0.0197837598774319,2.54410467207712
"Amarillo, TX MSA",265053,1,0.1,1.1,0.9,0.94,0.0038,0.4,0.44,0.054,0.79,0.26,0.12,0.17,39.5890246107252,27.4772724108074,,0.43441176381316,8.58062773036292,0.301645012875258,,,0.0362619638281353,0.535700500580786
"Norwich-New London, CT MSA",264728,1,0.1,1.1,0.9,0.94,0.0038,0.4,0.44,0.054,0.79,0.26,0.12,0.17,52.8138479952743,1.39614223979638,,5.85715150688394,9.99880241515094,0.926480851933854,,,0.915840958423609,1.48620581236856
"Lynchburg, VA MSA",263670,1,0.1,1.1,0.9,0.94,0.0038,0.4,0.44,0.054,0.79,0.26,0.12,0.17,50.0766373957494,0.339520413097406,,0.753070255709996,0.0730609576004901,0.79727780524435,,,0.844065162576389,3.99619012375178
"Atlantic City-Hammonton, NJ MSA",263566,1,0.1,1.1,0.9,0.94,0.0038,0.4,0.44,0.054,0.79,0.26,0.12,0.17,48.2717436351429,23.9864575772296,,0.296220736254702,8.42881445197682,0.337102862736441,,,0.92211270578608,1.64085657749073
"Charleston, WV MSA",257074,1,0.1,1.1,0.9,0.94,0.0038,0.4,0.44,0.054,0.79,0.26,0.12,0.17,52.5225282464376,1.37301445318768,,1.07282314396105,0.157775451423428,0.83311696309582,,,0.906611164199623,1.86821869220089
"Tuscaloosa, AL MSA",252047,1,0.1,1.1,0.9,0.94,0.0038,0.4,0.44,0.054,0.79,0.26,0.12,0.17,37.7270959380256,30.8116768686872,,0.291195908120892,1.74975755092004,0.286911604725698,,,0.953116338689379,3.26109928108505
"Yakima, WA MSA",250873,1,0.1,1.1,0.9,0.94,0.0038,0.4,0.44,0.054,0.79,0.26,0.12,0.17,42.1347600943898,20.978405190639,,0.443347303689193,7.48835375288427,0.441171542689523,,,0.99288836565401,0.584243391340291
"Fort Smith, AR-OK MSA",250368,1,0.1,1.1,0.9,0.94,0.0038,0.4,0.44,0.054,0.79,0.26,0.12,0.17,52.2230204122242,9.1912546042813,,0.395627912758424,2.77236527009116,0.385225215164485,,,0.981026416645416,1.33750611570967
"Fargo, ND-MN MSA",246145,1,0.1,1.1,0.9,0.94,0.0038,0.4,0.44,0.054,0.79,0.26,0.12,0.17,41.2577154827103,18.0960538007503,,0.537462394609345,0.281040564031367,0.498072063431364,,,0.0419044109465717,7.80309630256375
"Prescott Valley-Prescott, AZ MSA",238691,1,0.1,1.1,0.9,0.94,0.0038,0.4,0.44,0.054,0.79,0.26,0.12,0.17,30.48759942798,31.9105073811151,,0.411946921052249,0.499693393411878,0.419152167985147,,,0.0168378393100648,3.41988464695993
"Appleton, WI MSA",237974,1,0.1,1.1,0.9,0.94,0.0038,0.4,0.44,0.054,0.79,0.26,0.12,0.17,45.7520182947976,3.77061931344052,,1.54605103351356,0.322842469666893,0.805498015127712,,,0.0185821290596678,4.99868889785946
"Binghamton, NY MSA",235099,1,0.1,1.1,0.9,0.94,0.0038,0.4,0.44,0.054,0.79,0.26,0.12,0.17,50.7139516469172,13.2258581628595,,0.477110427962242,4.07895760678033,0.490163505615976,,,0.94278545458753,0.951623210719544
"Tyler, TX MSA",233002,1,0.1,1.1,0.9,0.94,0.0038,0.4,0.44,0.054,0.79,0.26,0.12,0.17,49.9756444297843,1.10838055391101,,3.81710374817151,0.402488949719557,0.907081425256058,,,0.0144517212087447,3.16309791888634
"Lafayette-West Lafayette, IN MSA",232751,1,0.1,1.1,0.9,0.94,0.0038,0.4,0.44,0.054,0.79,0.26,0.12,0.17,44.9128068189179,2.64836608857475,,0.741718859073103,0.185231578461858,0.723130561496813,,,0.945652340114676,0.531190191003755
"Bellingham, WA MSA",231969,1,0.1,1.1,0.9,0.94,0.0038,0.4,0.44,0.054,0.79,0.26,0.12,0.17,51.112748622269,10.6786743302096,,1.13858559252674,4.67340004315505,0.683772949059356,,,0.0209940941980518,1.25297446850089
"Topeka, KS MSA",229996,1,0.1,1.1,0.9,0.94,0.0038,0.4,0.44,0.054,0.79,0.26,0.12,0.17,50.1923612636576,5.3814765273948,,0.583618289051672,0.102991902484892,0.714200876480834,,,0.904427381579452,1.94601758558014
"Macon-Bibb County, GA MSA",229247,1,0.1,1.1,0.9,0.94,0.0038,0.4,0.44,0.054,0.79,0.26,0.12,0.17,42.580637838054,16.1691999856716,,0.488189155665889,9.08196494620159,0.530552869188932,,,0.8361721136926,0.942100698035676
"Daphne-Fairhope-Foley, AL MSA",226033,1,0.1,1.1,0.9,0.94,0.0038,0.4,0.44,0.054,0.79,0.26,0.12,0.17,47.8075665636909,14.0786011532727,,0.860703609802042,8.09518168331265,0.596871147889398,,,0.0161068329379212,2.10675186847041
"Hilton Head Island-Bluffton-Beaufort, SC MSA",223234,1,0.1,1.1,0.9,0.94,0.0038,0.4,0.44,0.054,0.79,0.26,0.12,0.17,45.2185445254839,19.750747746935,,0.358081654760687,0.280304144175214,0.47115656650654,,,0.654439674957952,2.92860406530453
"Champaign-Urbana, IL MSA",222195,1,0.1,1.1,0.9,0.94,0.0038,0.4,0.44,0.054,0.79,0.26,0.12,0.17,43.662151398832,14.393489445955,,0.47725329692827,1.48802533369632,0.493773010650463,,,0.929262831936962,1.33645169497514
"Rochester, MN MSA",221921,1,0.1,1.1,0.9,0.94,0.0038,0.4,0.44,0.054,0.79,0.26,0.12,0.17,43.8531204822255,10.8605372437979,,0.536373623193406,0.285709766601763,0.597009822949923,,,0.826959765361316,3.40257347074913
"Medford, OR MSA",220944,1,0.1,1.1,0.9,0.94,0.0038,0.4,0.44,0.054,0.79,0.26,0.12,0.17,38.7746097774412,25.3202377797703,,0.262737687738077,7.13367663295311,0.308615312664964,,,0.937045016276046,0.464376776872305
"Las Cruces, NM MSA",220411,1,0.1,1.1,0.9,0.94,0.0038,0.4,0.44,0.054,0.79,0.26,0.12,0.17,43.2516125300239,17.5393697022694,,0.495895501117732,8.43106326139268,0.548667752577752,,,0.934863636992098,0.679470439475468
"Burlington-South Burlington, VT MSA",219186,1,0.1,1.1,0.9,0.94,0.0038,0.4,0.44,0.054,0.79,0.26,0.12,0.17,55.9763881498962,0.403933582228545,,15.3359853284207,6.45630227376548,0.998410572753604,,,0.215816419934682,0.674476165824986
"Charlottesville, VA MSA",218615,1,0.1,1.1,0.9,0.94,0.0038,0.4,0.44,0.054,0.79,0.26,0.12,0.17,47.4301705297741,0.445082832113042,,2.58434464505097,0.243237391938691,0.882934748076347,,,0.0213240532602203,1.18863106827309
"Yuma, AZ MSA",218195,1,0.1,1.1,0.9,0.94,0.0038,0.4,0.44,0.054,0.79,0.26,0.12,0.17,55.0181301244124,1.38177522406601,,16.1791302379043,5.33297808641204,0.993635757372267,,,0.0196743741823461,2.87903243099622
"Lake Havasu City-Kingman, AZ MSA",213787,1,0.1,1.1,0.9,0.94,0.0038,0.4,0.44,0.054,0.79,0.26,0.12,0.17,52.9928455580104,2.94370773246763,,1.61721945472618,5.87147263520378,0.712593470379213,,,0.192468851752477,4.5310679561319
"Athens-Clarke County, GA MSA",213750,1,0.1,1.1,0.9,0.94,0.0038,0.4,0.44,0.054,0.79,0.26,0.12,0.17,48.0491272203648,1.38435918501866,,1.23611704598058,0.212718215838208,0.82413608185292,,,0.922601203500485,2.06506610624058
"Barnstable Town, MA MSA",212990,1,0.1,1.1,0.9,0.94,0.0038,0.4,0.44,0.054,0.79,0.26,0.12,0.17,41.4276938347199,17.721052149594,,0.692254126988296,0.450326447365745,0.633939335348918,,,0.0539869714337543,2.24965081681645
"Chico, CA MSA",212181,1,0.1,1.1,0.9,0.94,0.0038,0.4,0.44,0.054,0.79,0.26,0.12,0.17,59.7185095583279,2.14171276964977,,8.37086386943514,9.58250556963685,0.950699925827785,,,0.031013365604093,2.62482535570013
"Lake Charles, LA MSA",210409,1,0.1,1.1,0.9,0.94,0.0038,0.4,0.44,0.054,0.79,0.26,0.12,0.17,50.2407404687796,14.9613673949467,,0.532956802120881,3.53040622076643,0.541342035503872,,,0.964722126482424,1.36145301924929
"Columbia, MO MSA",208173,1,0.1,1.1,0.9,0.94,0.0038,0.4,0.44,0.054,0.79,0.26,0.12,0.17,53.0591510665498,1.16091198569561,,6.37930568431305,4.33225047090158,0.941931381972321,,,0.919133345368914,1.00503812122387
"Houma-Thibodaux, LA MSA",208075,1,0.1,1.1,0.9,0.94,0.0038,0.4,0.44,0.054,0.79,0.26,0.12,0.17,38.9986918096298,29.359145108053,,0.363081300305553,3.32422006120654,0.442364539340188,,,0.943429192320851,2.38836419335597
"Gainesville, GA MSA",206868,1,0.1,1.1,0.9,0.94,0.0038,0.4,0.44,0.054,0.79,0.26,0.12,0.17,45.7413996958708,2.83604988956252,,4.61775031347344,1.45073631725134,0.884423470532096,,,0.00653052627791628,1.31177324176034
"Elkhart-Goshen, IN MSA",206341,1,0.1,1.1,0.9,0.94,0.0038,0.4,0.44,0.054,0.79,0.26,0.12,0.17,51.8320218518016,3.6753342929943,,1.15520894346843,0.245103147194593,0.764385249587302,,,0.170427460680907,4.02729289864432
"Springfield, IL MSA",204911,1,0.1,1.1,0.9,0.94,0.0038,0.4,0.44,0.054,0.79,0.26,0.12,0.17,48.2259529603787,5.73118595687369,,0.496543019888369,0.0801303893551624,0.670759720173521,,,0.992192074220808,4.46685891257269
"Johnson City, TN MSA",204441,1,0.1,1.1,0.9,0.94,0.0038,0.4,0.44,0.054,0.79,0.26,0.12,0.17,47.7046181595496,3.49164750496892,,0.643203592243052,0.0703794751313759,0.774565081892251,,,0.890890538828794,1.2443591817243
"Florence, SC MSA",203649,1,0.1,1.1,0.9,0.94,0.0038,0.4,0.44,0.054,0.79,0.26,0.12,0.17,54.0650887887726,0.98259963616462,,4.34093446066782,1.26058755604472,0.917046261165439,,,0.601042361117771,0.496645515172839
"Jacksonville, NC MSA",201964,1,0.1,1.1,0.9,0.94,0.0038,0.4,0.44,0.054,0.79,0.26,0.12,0.17,43.4090868868318,0.0213815968818075,,1.39327654973585,0.471008959714009,0.666796989063643,,,0.0255509142245892,1.06685362883784
"St. Cloud, MN MSA",200261,1,0.1,1.1,0.9,0.94,0.0038,0.4,0.44,0.054,0.79,0.26,0.12,0.17,52.6632010760456,7.75045408252947,,0.852814013319716,0.301605457972206,0.722586419595354,,,0.847099521941977,2.19496139503872
"Bend, OR MSA",197938,1,0.1,1.1,0.9,0.94,0.0038,0.4,0.44,0.054,0.79,0.26,0.12,0.17,44.3812832046538,25.0293960377514,,0.256179139089865,4.93003229632343,0.245047738170726,,,0.997850020193931,1.49302738960857
"Monroe, LA MSA",197692,1,0.1,1.1,0.9,0.94,0.0038,0.4,0.44,0.054,0.79,0.26,0.12,0.17,42.8003287729146,3.1435985585231,,0.660412626841598,0.163658401782273,0.719826584102745,,,0.797486421782172,2.06370738335257
"Racine, WI MSA",196311,1,0.1,1.1,0.9,0.94,0.0038,0.4,0.44,0.054,0.79,0.26,0.12,0.17,29.574321675308,35.6607074741096,,0.342344351633888,3.32941705918489,0.23972471423663,,,0.0397547832183016,2.31957244226925
"Punta Gorda, FL MSA",190539,1,0.1,1.1,0.9,0.94,0.0038,0.4,0.44,0.054,0.79,0.26,0.12,0.17,53.9573629818726,2.32764149544293,,1.0268741929794,0.140913244245465,0.831931012625669,,,0.979429062048249,4.55035733461541
"Saginaw, MI MSA",188910,1,0.1,1.1,0.9,0.94,0.0038,0.4,0.44,0.054,0.79,0.26,0.12,0.17,38.3803019609942,25.8293268072971,,0.36215022774717,0.158843169761035,0.515915550694419,,,0.158113282797976,2.84424877993236
"Warner Robins, GA MSA",186367,1,0.1,1.1,0.9,0.94,0.0038,0.4,0.44,0.054,0.79,0.26,0.12,0.17,36.1848208550134,29.348484728596,,0.436029856589332,4.27382948601363,0.424400466575118,,,0.0113993914865912,2.05262909805656
"Terre Haute, IN MSA",185409,1,0.1,1.1,0.9,0.94,0.0038,0.4,0.44,0.054,0.79,0.26,0.12,0.17,47.5358458962114,17.6640589235902,,0.433289242482977,0.713519938363702,0.508556451335887,,,0.940100399123803,2.38769583648926
"St. George, UT MSA",182603,1,0.1,1.1,0.9,0.94,0.0038,0.4,0.44,0.054,0.79,0.26,0.12,0.17,54.6744342692134,7.67760958079473,,0.619963405765613,7.94742540735389,0.553627858026111,,,0.948784471890328,0.47757429659329
"Billings, MT MSA",181667,1,0.1,1.1,0.9,0.94,0.0038,0.4,0.44,0.054,0.79,0.26,0.12,0.17,42.2438107644015,18.4692134447204,,0.347025338378906,4.8314595556147,0.42073564716417,,,0.920309651873494,1.22331301579214
"Midland, TX MSA",181215,1,0.1,1.1,0.9,0.94,0.0038,0.4,0.44,0.054,0.79,0.26,0.12,0.17,54.7678800416873,1.74455649568468,,6.66600298408966,6.50724208408596,0.924636823451079,,,0.21625436106056,0.596043662408849
"Dover, DE MSA",180786,1,0.1,1.1,0.9,0.94,0.0038,0.4,0.44,0.054,0.79,0.26,0.12,0.17,28.1794145783149,45.3681144318174,,0.33826678181207,6.53930777457233,0.334546838275995,,,0.0476449575621852,3.35092850647769
"Greenville, NC MSA",180742,1,0.1,1.1,0.9,0.94,0.0038,0.4,0.44,0.054,0.79,0.26,0.12,0.17,53.2064125031399,3.72782927872136,,1.04859257746093,0.389883628370072,0.742547848097994,,,0.605928198275301,3.02594884609247
"Bowling Green, KY MSA",180080,1,0.1,1.1,0.9,0.94,0.0038,0.4,0.44,0.054,0.79,0.26,0.12,0.17,39.2826117261374,29.5735843931279,,0.2258169039909,8.92554618915975,0.212914016346627,,,0.836454710280367,0.451676532054542
"El Centro, CA MSA",179564,1,0.1,1.1,0.9,0.94,0.0038,0.4,0.44,0.054,0.79,0.26,0.12,0.17,55.8587315735041,0.67445199777281,,2.9947808718084,6.64241334531106,0.843200154369638,,,0.986559857762411,0.515243592858228
"Joplin, MO MSA",179240,1,0.1,1.1,0.9,0.94,0.0038,0.4,0.44,0.054,0.79,0.26,0.12,0.17,40.3448498006125,38.7259463155983,,0.271139977039362,0.0844563828320717,0.465208812987233,,,0.932315249398503,1.69195885811149
"Jackson, TN MSA",178644,1,0.1,1.1,0.9,0.94,0.0038,0.4,0.44,0.054,0.79,0.26,0.12,0.17,50.6539308199912,22.2557393213692,,0.361873416630289,5.5570142825726,0.467862657027796,,,0.968349234208234,1.26356655209092
"Redding, CA MSA",177573,1,0.1,1.1,0.9,0.94,0.0038,0.4,0.44,0.054,0.79,0.26,0.12,0.17,28.5965204061993,34.7266003784849,,0.423846160919433,7.64334409554718,0.387596907932035,,,0.0381017317507644,3.18512528661832
"Kingston, NY MSA",177556,1,0.1,1.1,0.9,0.94,0.0038,0.4,0.44,0.054,0.79,0.26,0.12,0.17,36.6116184531829,30.0883837965841,,0.253249842268553,4.98504365597942,0.19676620634492,,,0.653461675993004,1.28631176255979
"Yuba City, CA MSA",175639,1,0.1,1.1,0.9,0.94,0.0038,0.4,0.44,0.054,0.79,0.26,0.12,0.17,56.291089842116,0.480363884442861,,10.148707096917,8.27070247232234,0.975890274314475,,,0.929221957722096,1.43328471342456
"Iowa City, IA MSA",174705,1,0.1,1.1,0.9,0.94,0.0038,0.4,0.44,0.054,0.79,0.26,0.12,0.17,52.9452980091166,13.1721439695964,,0.411413259396559,6.006955449844,0.445980851790924,,,0.963813620341047,1.81900912559448
"Muskegon, MI MSA",173566,1,0.1,1.1,0.9,0.94,0.0038,0.4,0.44,0.054,0.79,0.26,0.12,0.17,55.374000352248,1.90832559017154,,3.71060585209431,0.447817732655253,0.902782038627879,,,0.022458528700681,2.59541133376118
"Abilene, TX MSA",173105,1,0.1,1.1,0.9,0.94,0.0038,0.4,0.44,0.054,0.79,0.26,0.12,0.17,24.8763111030672,40.6736131650459,,0.263049512347963,0.247007030914316,0.377322826504485,,,0.982682669164256,1.77228901117578
"Oshkosh-Neenah, WI MSA",172060,1,0.1,1.1,0.9,0.94,0.0038,0.4,0.44,0.054,0.79,0.26,0.12,0.17,62.2527379992888,2.03864804413089,,10.817564527695,7.94469215209476,0.962904782779782,,,0.0289422827519792,0.380202393349311
"Burlington, NC MSA",171907,1,0.1,1.1,0.9,0.94,0.0038,0.4,0.44,0.054,0.79,0.26,0.12,0.17,47.5525125817673,2.43038807480073,,3.82698910519665,6.33241344652653,0.872601845073931,,,0.0561267420486718,3.73507697328145
"Panama City, FL MSA",171517,1,0.1,1.1,0.9,0.94,0.0038,0.4,0.44,0.054,0.79,0.26,0.12,0.17,53.6976017048035,2.09956470448801,,11.7070983277445,5.79939211876088,0.981046296081384,,,0.0112064040076778,0.91297903607573
"Bloomington, IL MSA",170271,1,0.1,1.1,0.9,0.94,0.0038,0.4,0.44,0.054,0.79,0.26,0.12,0.17,36.9667974189212,30.7926750802542,,0.366322595693101,6.39308847183966,0.50021064676593,,,0.973343999762459,6.35452153280506
"Coeur d'Alene, ID MSA",169509,1,0.1,1.1,0.9,0.94,0.0038,0.4,0.44,0.054,0.79,0.26,0.12,0.17,57.7732745280327,0.819131598382348,,6.44136027995704,6.65194275362645,0.930628459281396,,,0.989914963958511,3.01632201583653
"East Stroudsburg, PA MSA",169304,1,0.1,1.1,0.9,0.94,0.0038,0.4,0.44,0.054,0.79,0.26,0.12,0.17,53.6951958188928,1.4286384398515,,12.1842757114526,6.34832759800682,0.986206333493138,,,0.0470897517009645,2.3401278417607
"Eau Claire, WI MSA",169230,1,0.1,1.1,0.9,0.94,0.0038,0.4,0.44,0.054,0.79,0.26,0.12,0.17,53.3041815522309,2.84246480983121,,1.16073267388776,0.21367763434064,0.826683334304872,,,0.655351847529532,1.44515223000161
"Pueblo, CO MSA",168849,1,0.1,1.1,0.9,0.94,0.0038,0.4,0.44,0.054,0.79,0.26,0.12,0.17,14.0512494435822,56.9133989360416,,0.27846975926897,3.01750586777525,0.222839775232384,,,0.0363362138259329,3.0544420592939
"Hattiesburg, MS MSA",168522,1,0.1,1.1,0.9,0.94,0.0038,0.4,0.44,0.054,0.79,0.26,0.12,0.17,48.2284946964125,42.1413007484864,,0.304994884351792,7.55826823889997,0.444362460172184,,,0.984029943355641,2.27247829223472
"Bloomington, IN MSA",168424,1,0.1,1.1,0.9,0.94,0.0038,0.4,0.44,0.054,0.79,0.26,0.12,0.17,32.2390308224474,32.2969909426035,,0.398049213686364,6.6972894786789,0.389489395552039,,,0.0140418877226646,1.27410003569006
"Waterloo-Cedar Falls, IA MSA",167531,1,0.1,1.1,0.9,0.94,0.0038,0.4,0.44,0.054,0.79,0.26,0.12,0.17,60.9436849693641,11.3071630932206,,0.58706670942233,8.3856882500484,0.567931733092466,,,0.492666794192649,0.769819526156945
"Kahului-Wailuku-Lahaina, HI MSA",167417,1,0.1,1.1,0.9,0.94,0.0038,0.4,0.44,0.054,0.79,0.26,0.12,0.17,30.1572834517145,0.049636805316094,,0.85410139671393,0.0680312124832065,0.678998431026955,,,0.00259555952804991,3.91760439461237
"Odessa, TX MSA",166223,1,0.1,1.1,0.9,0.94,0.0038,0.4,0.44,0.054,0.79,0.26,0.12,0.17,64.6716750236512,0.551247965887176,,12.7704022057751,8.34239388170491,0.98661558859956,,,0.91363313587651,0.597082009412057
"Blacksburg-Christiansburg, VA MSA",165697,1,0.1,1.1,0.9,0.94,0.0038,0.4,0.44,0.054,0.79,0.26,0.12,0.17,55.2813531011081,0.809282779934492,,6.52091247793943,4.09183351493437,0.948960402874193,,,0.981879692944644,0.482874392500381
"Auburn-Opelika, AL MSA",164542,1,0.1,1.1,0.9,0.94,0.0038,0.4,0.44,0.054,0.79,0.26,0.12,0.17,48.1676264905174,4.55035701650006,,0.932345709788327,0.269576011749849,0.754239182944124,,,0.986989432165151,2.08524836507039
"Wausau-Weston, WI MSA",163354,1,0.1,1.1,0.9,0.94,0.0038,0.4,0.44,0.054,0.79,0.26,0.12,0.17,54.1856078198893,2.10281541286335,,8.69214417389641,8.6875921498998,0.943510774215145,,,0.0202399226784104,1.89311865662414
"Janesville-Beloit, WI MSA",163285,1,0.1,1.1,0.9,0.94,0.0038,0.4,0.44,0.054,0.79,0.26,0.12,0.17,52.7284658686724,14.2640265984436,,0.285752117823193,5.67584908025059,0.273905451129457,,,0.87489345810472,2.86176048547182
"Sebastian-Vero Beach, FL MSA",162385,1,0.1,1.1,0.9,0.94,0.0038,0.4,0.44,0.054,0.79,0.26,0.12,0.17,53.6537532956016,6.37814768777181,,0.840129594257569,0.89286573063179,0.686318276899065,,,0.885762748380244,1.69391059872147
"State College, PA MSA",159923,1,0.1,1.1,0.9,0.94,0.0038,0.4,0.44,0.054,0.79,0.26,0.12,0.17,54.8530925826199,0.508484920789806,,12.7904761008582,8.29493170216696,0.988671801101398,,,0.953947495588943,0.916944624977935
"Madera, CA MSA",158510,1,0.1,1.1,0.9,0.94,0.0038,0.4,0.44,0.054,0.79,0.26,0.12,0.17,45.4253723574706,16.8211117727231,,0.688860621808007,9.10670108944804,0.496659489685476,,,0.043904449917522,0.540654824940316
"Jackson, MI MSA",157327,1,0.1,1.1,0.9,0.94,0.0038,0.4,0.44,0.054,0.79,0.26,0.12,0.17,38.0985507225862,23.0583458122015,,0.259934774666769,8.21335565839832,0.234804316199512,,,0.879194646848566,0.871909849216165
"Chambersburg-Waynesboro, PA MSA",155027,1,0.1,1.1,0.9,0.94,0.0038,0.4,0.44,0.054,0.79,0.26,0.12,0.17,46.522531868069,0.0797266891396268,,1.61834219646606,0.170529155095452,0.81176109667769,,,0.0230667835449244,4.49474928490788
"Grand Junction, CO MSA",154210,1,0.1,1.1,0.9,0.94,0.0038,0.4,0.44,0.054,0.79,0.26,0.12,0.17,46.6051446844607,14.6892834122745,,0.34955715916708,2.32170173570407,0.410110957172206,,,0.967022315205727,0.775857037369311
"Idaho Falls, ID MSA",153928,1,0.1,1.1,0.9,0.94,0.0038,0.4,0.44,0.054,0.79,0.26,0.12,0.17,55.6283836161612,2.62038104306842,,7.88652544736011,7.34054080588594,0.944567289743685,,,0.00559470223187165,1.07813079989441
"Elizabethtown-Fort Knox, KY MSA",153401,1,0.1,1.1,0.9,0.94,0.0038,0.4,0.44,0.054,0.79,0.26,0.12,0.17,56.0029476572,1.45970463024427,,16.5721136050299,5.35196373170387,0.993698785360328,,,0.0269225109846016,1.55395196778739
"Niles, MI MSA",152940,1,0.1,1.1,0.9,0.94,0.0038,0.4,0.44,0.054,0.79,0.26,0.12,0.17,61.5583365026705,1.28218232334211,,9.63564083799389,8.27090963798556,0.943334564787566,,,0.0461147436671506,0.726271891534244
"Homosassa Springs, FL MSA",152603,1,0.1,1.1,0.9,0.94,0.0038,0.4,0.44,0.054,0.79,0.26,0.12,0.17,58.9336901475623,0.747524312892452,,7.45745077545479,7.77546477072037,0.943966761388386,,,0.971648113166657,2.79836472508768
"Decatur, AL MSA",152148,1,0.1,1.1,0.9,0.94,0.0038,0.4,0.44,0.054,0.79,0.26,0.12,0.17,49.6594120475968,4.33670620957368,,4.2983939796283,5.09042813043275,0.869285054528292,,,0.00214838961628834,1.45700454242893
"Hanford-Corcoran, CA MSA",152037,1,0.1,1.1,0.9,0.94,0.0038,0.4,0.44,0.054,0.79,0.26,0.12,0.17,54.761742941948,2.31748692224871,,2.2661030647916,0.663821720441485,0.850191017864914,,,0.791075691807651,1.71620702948385
"Wichita Falls, TX MSA",151530,1,0.1,1.1,0.9,0.94,0.0038,0.4,0.44,0.054,0.79,0.26,0.12,0.17,60.0689033734514,0.74054521414529,,6.62515701640225,9.15986186405446,0.944281614129696,,,0.751646811255126,0.449428195130675
"Santa Fe, NM MSA",151254,1,0.1,1.1,0.9,0.94,0.0038,0.4,0.44,0.054,0.79,0.26,0.12,0.17,53.9087192007981,0.801684777095941,,7.5017760122931,7.87225795843765,0.956493676086131,,,0.979764726675523,0.425671020935706
"Bangor, ME MSA",151235,1,0.1,1.1,0.9,0.94,0.0038,0.4,0.44,0.054,0.79,0.26,0.12,0.17,47.4591668932861,16.0731287831603,,0.448018083016648,6.49727726104083,0.526111001409345,,,0.886235347637151,2.68729254454357
"Alexandria, LA MSA",150500,1,0.1,1.1,0.9,0.94,0.0038,0.4,0.44,0.054,0.79,0.26,0.12,0.17,47.2963785500205,12.9347527146284,,0.486475684132149,0.230539077335768,0.613903982728025,,,0.985828697890936,1.25295350543559
"Monroe, MI MSA",150358,1,0.1,1.1,0.9,0.94,0.0038,0.4,0.44,0.054,0.79,0.26,0.12,0.17,38.7317338013606,21.2026550170819,,0.32325703893774,7.03523044092549,0.383419054555727,,,0.912643167541563,2.6441113005274
"Dothan, AL MSA",149657,1,0.1,1.1,0.9,0.94,0.0038,0.4,0.44,0.054,0.79,0.26,0.12,0.17,48.577841376833,0.775849801878887,,1.14199357780572,0.247635798306936,0.80340178099627,,,0.969113427314772,0.996021465593497
"Jefferson City, MO MSA",149527,1,0.1,1.1,0.9,0.94,0.0038,0.4,0.44,0.054,0.79,0.26,0.12,0.17,52.4601645249729,0.137133643143164,,1.7861127957828,0.173229968624824,0.841876939607323,,,0.0951633794576881,3.31439738104027
"Texarkana, TX-AR MSA",149358,1,0.1,1.1,0.9,0.94,0.0038,0.4,0.44,0.054,0.79,0.26,0.12,0.17,57.2130027468105,0.186129812273798,,1.8437024351425,0.271420468858047,0.8636714385572,,,0.583075759176079,3.55094533497139
"Florence-Muscle Shoals, AL MSA",148761,1,0.1,1.1,0.9,0.94,0.0038,0.4,0.44,0.054,0.79,0.26,0.12,0.17,49.1264096897755,20.4355680245822,,0.387572652526796,6.71674336410528,0.414650450447218,,,0.466396023425305,0.744108331830967
"Valdosta, GA MSA",147970,1,0.1,1.1,0.9,0.94,0.0038,0.4,0.44,0.054,0.79,0.26,0.12,0.17,54.3908839449502,1.98785522896652,,7.35202371349485,5.74652109559557,0.938766916638242,,,0.0331090016397368,4.44533901045284
"Vineland-Bridgeton, NJ MSA",147292,1,0.1,1.1,0.9,0.94,0.0038,0.4,0.44,0.054,0.79,0.26,0.12,0.17,42.3443186607477,8.35577273418045,,0.430388110904981,0.150756753715649,0.526980358004333,,,0.857805989985006,1.84226696563301
"Rocky Mount, NC MSA",146726,1,0.1,1.1,0.9,0.94,0.0038,0.4,0.44,0.054,0.79,0.26,0.12,0.17,43.6771009078612,12.1838410940909,,0.691583788486973,0.209997599333531,0.734419266936123,,,0.824815178897148,1.63586479949815
"Albany, GA MSA",145770,1,0.1,1.1,0.9,0.94,0.0038,0.4,0.44,0.054,0.79,0.26,0.12,0.17,55.3454391493233,9.61858756682637,,0.52588656778955,0.199518962368465,0.621650300438777,,,0.851774275977304,3.36360221775499
"Sioux City, IA-NE-SD MSA",144724,1,0.1,1.1,0.9,0.94,0.0038,0.4,0.44,0.054,0.79,0.26,0.12,0.17,44.7442046219086,18.8784015993967,,0.439551017116835,4.16383308739378,0.423589004191384,,,0.164598041521685,3.77155955460394
"Rapid City, SD MSA",144701,1,0.1,1.1,0.9,0.94,0.0038,0.4,0.44,0.054,0.79,0.26,0.12,0.17,55.5696228973415,37.5647672750218,,0.346110850485691,0.35750664141048,0.523687195688109,,,0.97888554133277,2.17475366813513
"Logan, UT-ID MSA",143476,1,0.1,1.1,0.9,0.94,0.0038,0.4,0.44,0.054,0.79,0.26,0.12,0.17,49.8676235050496,2.77507565005165,,1.87206357385678,0.291622381347424,0.858617202995383,,,0.183044431692444,4.1246804546601
"Morristown, TN MSA",142749,1,0.1,1.1,0.9,0.94,0.0038,0.4,0.44,0.054,0.79,0.26,0.12,0.17,45.8321915763098,11.5017947071317,,0.353929640586525,8.33347762683671,0.362878678980428,,,0.972165375409161,0.95728747279339
"Dalton, GA MSA",142165,1,0.1,1.1,0.9,0.94,0.0038,0.4,0.44,0.054,0.79,0.26,0.12,0.17,51.9049683754326,0.607387938382702,,2.55837018547973,2.70631158760223,0.816170001159,,,0.888968438080177,0.557480653631392
"Flagstaff, AZ MSA",142107,1,0.1,1.1,0.9,0.94,0.0038,0.4,0.44,0.054,0.79,0.26,0.12,0.17,52.9596054619244,5.21941669690384,,1.25430673502796,4.44954168380495,0.653455997706037,,,0.0136852428779886,3.45915964726728
"Winchester, VA-WV MSA",141793,1,0.1,1.1,0.9,0.94,0.0038,0.4,0.44,0.054,0.79,0.26,0.12,0.17,49.3176779842984,22.4887195491982,,0.425668690198793,7.08411354834625,0.491323420502321,,,0.991181148966018,3.15954651465249
"Lebanon, PA MSA",140566,1,0.1,1.1,0.9,0.94,0.0038,0.4,0.44,0.054,0.79,0.26,0.12,0.17,59.6061049526003,1.93909290910987,,11.6557131242507,9.73178803066546,0.976222912590321,,,0.0228699443218879,2.39702805715291
"Morgantown, WV MSA",140466,1,0.1,1.1,0.9,0.94,0.0038,0.4,0.44,0.054,0.79,0.26,0.12,0.17,53.416478046786,4.61546391125263,,1.01151286350405,0.440872463530144,0.734264450949321,,,0.979956327459111,1.58097314115323
"Sumter, SC MSA",139044,1,0.1,1.1,0.9,0.94,0.0038,0.4,0.44,0.054,0.79,0.26,0.12,0.17,53.3264116560268,6.46061078488833,,0.98167167068719,6.56251734758316,0.69628649213966,,,0.878562327512547,0.83695576384819
"The Villages, FL MSA",138948,1,0.1,1.1,0.9,0.94,0.0038,0.4,0.44,0.054,0.79,0.26,0.12,0.17,28.8747679384596,33.9018097795282,,0.371693015025278,6.33699749958086,0.325038334345093,,,0.0180035386594875,4.52246995313829
"Sherman-Denison, TX MSA",137744,1,0.1,1.1,0.9,0.94,0.0038,0.4,0.44,0.054,0.79,0.26,0.12,0.17,27.6685160467096,36.4008590207128,,0.254780846426629,9.36182097253958,0.250259448593046,,,0.263097890313283,1.03889051114471
"Wheeling, WV-OH MSA",136616,1,0.1,1.1,0.9,0.94,0.0038,0.4,0.44,0.054,0.79,0.26,0.12,0.17,52.3745820103395,1.21890735324071,,2.23375773903521,5.2500903806652,0.810172117411824,,,0.82490778880681,0.671352195998989
"La Crosse-Onalaska, WI-MN MSA",136212,1,0.1,1.1,0.9,0.94,0.0038,0.4,0.44,0.054,0.79,0.26,0.12,0.17,56.4845709716098,3.42700275638409,,3.31494079181439,7.37135165157531,0.841267333274375,,,0.0172971884682091,1.19687594680403
"Hammond, LA MSA",135764,1,0.1,1.1,0.9,0.94,0.0038,0.4,0.44,0.054,0.79,0.26,0.12,0.17,27.2500034864542,44.862537009501,,0.314328306498348,8.25600932519231,0.260815952239956,,,0.0145371399948324,1.98243744758839
"Napa, CA MSA",134964,1,0.1,1.1,0.9,0.94,0.0038,0.4,0.44,0.054,0.79,0.26,0.12,0.17,27.3725974231992,52.748306991834,,0.294405591419753,3.54236236295574,0.295745956476464,,,0.0341339839740803,3.23914694158376
"Harrisonburg, VA MSA",134758,1,0.1,1.1,0.9,0.94,0.0038,0.4,0.44,0.054,0.79,0.26,0.12,0.17,50.8756996153819,19.7374982265319,,0.457996876128766,7.951748534312,0.506780994211844,,,0.988239972403944,1.70057845758785
"Jonesboro, AR MSA",134159,1,0.1,1.1,0.9,0.94,0.0038,0.4,0.44,0.054,0.79,0.26,0.12,0.17,53.4663070821159,2.76089956821629,,0.80486194864807,0.147835077677455,0.769653963263192,,,0.919539162056125,2.62159556400077
"Carbondale-Marion, IL MSA",134083,1,0.1,1.1,0.9,0.94,0.0038,0.4,0.44,0.054,0.79,0.26,0.12,0.17,50.0200901362566,14.2121532623858,,0.364787413359634,6.47656222648877,0.346754246372388,,,0.715179629760568,3.10520436467333
"Springfield, OH MSA",133860,1,0.1,1.1,0.9,0.94,0.0038,0.4,0.44,0.054,0.79,0.26,0.12,0.17,51.5979386070373,4.11367602987114,,2.94117666655727,7.38257020415427,0.843673874502189,,,0.0318599616822944,2.69821496052379
"Battle Creek, MI MSA",132420,1,0.1,1.1,0.9,0.94,0.0038,0.4,0.44,0.054,0.79,0.26,0.12,0.17,50.2852959314099,7.05532475573612,,0.741286333102301,0.269480324565162,0.733866936793931,,,0.860995182207319,1.41617177566659
"Albany-Lebanon, OR MSA",130285,1,0.1,1.1,0.9,0.94,0.0038,0.4,0.44,0.054,0.79,0.26,0.12,0.17,51.6466398906625,18.6085678558075,,0.337641853506956,6.54947221115761,0.385203894310531,,,0.908972632230587,0.835920704476294
"Mount Vernon-Anacortes, WA MSA",130192,1,0.1,1.1,0.9,0.94,0.0038,0.4,0.44,0.054,0.79,0.26,0.12,0.17,32.6439186132745,35.1613400950789,,0.388100286153412,9.37385316528295,0.322487566643975,,,0.00176728510955072,2839349.79405308
"Manhattan, KS MSA",129749,1,0.1,1.1,0.9,0.94,0.0038,0.4,0.44,0.054,0.79,0.26,0.12,0.17,44.0714917865618,3.17199111172884,,6.48823225690583,6.63164098004513,0.938774541253883,,,0.00751161339206258,1.42350659382203
"Bismarck, ND MSA",129205,1,0.1,1.1,0.9,0.94,0.0038,0.4,0.44,0.054,0.79,0.26,0.12,0.17,42.1029028084642,10.9528801475556,,0.555105892423731,0.238533730760327,0.663729015556557,,,0.970307156765669,1.22822177581777
"Johnstown, PA MSA",128949,1,0.1,1.1,0.9,0.94,0.0038,0.4,0.44,0.054,0.79,0.26,0.12,0.17,52.4062386482654,0.653116159960004,,13.1141590202791,9.16657048713713,0.994369717429412,,,0.98425956892209,1.43747764107432
"Sierra Vista-Douglas, AZ MSA",126415,1,0.1,1.1,0.9,0.94,0.0038,0.4,0.44,0.054,0.79,0.26,0.12,0.17,59.9879554336989,2.65849847002729,,7.09176673212886,6.21790062462659,0.943984905621067,,,0.0289474858349916,0.92018146474738
"Lawton, OK MSA",125922,1,0.1,1.1,0.9,0.94,0.0038,0.4,0.44,0.054,0.79,0.26,0.12,0.17,55.1666679592461,0.870397766741498,,2.26289726530543,9.76574395412385,0.80271893142381,,,0.923723535303284,1.23550893302819
"Cleveland, TN MSA",125223,1,0.1,1.1,0.9,0.94,0.0038,0.4,0.44,0.054,0.79,0.26,0.12,0.17,55.2745449109198,1.64898669653722,,3.36889382933593,0.627651298735794,0.856541181031277,,,0.0219100415716362,1.65247035631233
"Pittsfield, MA MSA",125148,1,0.1,1.1,0.9,0.94,0.0038,0.4,0.44,0.054,0.79,0.26,0.12,0.17,47.8077335018512,3.57954431278926,,2.09507526723059,0.408593924236695,0.799090281739302,,,0.0125589736331573,1.87988872674774
"Ames, IA MSA",124944,1,0.1,1.1,0.9,0.94,0.0038,0.4,0.44,0.054,0.79,0.26,0.12,0.17,32.7604015058819,29.7130635144823,,0.326898570499501,5.90390676616714,0.430319637177085,,,0.993495245850744,1.25662499382241
"Staunton, VA MSA",124942,1,0.1,1.1,0.9,0.94,0.0038,0.4,0.44,0.054,0.79,0.26,0.12,0.17,51.8534642790531,10.302768013783,,0.451615513105148,4.84341004095642,0.448080890316951,,,0.974272120334229,1.82967460170266
"Glens Falls, NY MSA",124284,1,0.1,1.1,0.9,0.94,0.0038,0.4,0.44,0.054,0.79,0.26,0.12,0.17,45.478521750248,25.4913039021917,,0.282541091700176,8.1212107696642,0.285221493058591,,,0.859691169129873,1.10780387507807
"Goldsboro, NC MSA",123958,1,0.1,1.1,0.9,0.94,0.0038,0.4,0.44,0.054,0.79,0.26,0.12,0.17,55.745452236846,1.86993308766728,,5.0235626285302,0.787916593644816,0.91137171313915,,,0.0711022302774657,4.42811301883403
"Farmington, NM MSA",123351,1,0.1,1.1,0.9,0.94,0.0038,0.4,0.44,0.054,0.79,0.26,0.12,0.17,55.9803522898503,0.775992609102084,,3.3600024827032,9.1272786329691,0.856748824585782,,,0.967561563083887,1.8537394180387
"New Bern, NC MSA",123131,1,0.1,1.1,0.9,0.94,0.0038,0.4,0.44,0.054,0.79,0.26,0.12,0.17,46.5353923145199,37.4420101324043,,0.306737374242523,5.31962852270827,0.362895708629632,,,0.761478265706843,1.34042795282032
"San Angelo, TX MSA",123120,1,0.1,1.1,0.9,0.94,0.0038,0.4,0.44,0.054,0.79,0.26,0.12,0.17,66.8310682194843,1.78385415971203,,7.57426866533521,5.57983775353037,0.954736830167345,,,0.0847957962610493,2.38964981017559
"St. Joseph, MO-KS MSA",122259,1,0.1,1.1,0.9,0.94,0.0038,0.4,0.44,0.054,0.79,0.26,0.12,0.17,49.7786185092023,8.87526867129092,,0.578841296442822,4.43721086887378,0.574691350995382,,,0.796032262001212,0.771988939192038
"Lawrence, KS MSA",122027,1,0.1,1.1,0.9,0.94,0.0038,0.4,0.44,0.054,0.79,0.26,0.12,0.17,60.4307249403818,0.545269646969248,,7.43961169095161,4.78158970129077,0.951613764715283,,,0.996994255967693,0.59110710574888
"Missoula, MT MSA",121829,1,0.1,1.1,0.9,0.94,0.0038,0.4,0.44,0.054,0.79,0.26,0.12,0.17,57.8439069162092,4.23865098936609,,3.54737991079276,2.35563540710077,0.876167901552594,,,0.00332888939891629,1.25654211611188
"Wenatchee, WA MSA",121154,1,0.1,1.1,0.9,0.94,0.0038,0.4,0.44,0.054,0.79,0.26,0.12,0.17,31.052127690938,40.956406348583,,0.312696313289772,2.49235446112771,0.337666505514264,,,0.0329543449224445,4.40471588965968
"Altoona, PA MSA",120629,1,0.1,1.1,0.9,0.94,0.0038,0.4,0.44,0.054,0.79,0.26,0.12,0.17,22.1529674245602,36.4263993305906,,0.328292306821125,0.177553988837986,0.357707572839313,,,0.0188039851350247,1.60606114036222
"Mansfield, OH MSA",119600,1,0.1,1.1,0.9,0.94,0.0038,0.4,0.44,0.054,0.79,0.26,0.12,0.17,23.0370056389464,39.9120752410152,,0.24201705985372,0.0528411866095857,0.910365706407101,,,0.275838522646324,1088155947.78131
"Owensboro, KY MSA",119440,1,0.1,1.1,0.9,0.94,0.0038,0.4,0.44,0.054,0.79,0.26,0.12,0.17,49.4740165435438,4.15693689480146,,0.689395436425062,0.12580828218886,0.752695473298337,,,0.745240455601129,1.40261530735555
"Brunswick, GA MSA",118779,1,0.1,1.1,0.9,0.94,0.0038,0.4,0.44,0.054,0.79,0.26,0.12,0.17,51.6675991061985,2.23365707850291,,0.991069407415406,0.328103275887636,0.737832422064794,,,0.792642001370223,1.67944305253089
"Sheboygan, WI MSA",116074,1,0.1,1.1,0.9,0.94,0.0038,0.4,0.44,0.054,0.79,0.26,0.12,0.17,60.912961217683,1.83219506517973,,4.71764166234817,4.44635321211208,0.92802025363866,,,0.453743960238223,6.27033079115562
"Weirton-Steubenville, WV-OH MSA",115767,1,0.1,1.1,0.9,0.94,0.0038,0.4,0.44,0.054,0.79,0.26,0.12,0.17,58.1046198030296,2.63192230684056,,5.4646065527828,1.8839473245218,0.923350173896361,,,0.00759171342417194,1.97477169692919
"Beckley, WV MSA",115340,1,0.1,1.1,0.9,0.94,0.0038,0.4,0.44,0.054,0.79,0.26,0.12,0.17,47.4015911365747,0.683007402626549,,5.63655302681903,9.25089352279875,0.926513448288709,,,0.883272218260532,1.61752396716983
"California-Lexington Park, MD MSA",114135,1,0.1,1.1,0.9,0.94,0.0038,0.4,0.44,0.054,0.79,0.26,0.12,0.17,55.0934120503258,2.79025822398109,,6.89619247633016,8.69677569875629,0.922573060408874,,,0.0130245263366512,1.64225097053495
"Anniston-Oxford, AL MSA",113605,1,0.1,1.1,0.9,0.94,0.0038,0.4,0.44,0.054,0.79,0.26,0.12,0.17,50.3820045338013,20.2329312400628,,0.359387005976034,9.88710650514041,0.43122889927901,,,0.849459594427694,1.64124333635273
"Muncie, IN MSA",113510,1,0.1,1.1,0.9,0.94,0.0038,0.4,0.44,0.054,0.79,0.26,0.12,0.17,46.3283549747864,18.5668987833217,,0.605496101464685,5.38200597418469,0.509913868135951,,,0.0282088244955844,1.73740409004994
"Williamsport, PA MSA",113299,1,0.1,1.1,0.9,0.94,0.0038,0.4,0.44,0.054,0.79,0.26,0.12,0.17,59.5213925390418,1.68811452805226,,14.9929543399938,8.53649857249734,0.9775639718624,,,0.00460725668504319,2.22519313909529
"Twin Falls, ID MSA",111290,1,0.1,1.1,0.9,0.94,0.0038,0.4,0.44,0.054,0.79,0.26,0.12,0.17,48.6921167558542,19.8382489650033,,0.593198045058208,4.40225838779599,0.527174389790253,,,0.0442129702920032,1.84702687108397
"Longview, WA MSA",110593,1,0.1,1.1,0.9,0.94,0.0038,0.4,0.44,0.054,0.79,0.26,0.12,0.17,55.2740823580129,0.520389884130856,,8.89082134247771,7.08620477814456,0.967178897484754,,,0.936405524413613,0.787479264155305
"Michigan City-La Porte, IN MSA",109888,1,0.1,1.1,0.9,0.94,0.0038,0.4,0.44,0.054,0.79,0.26,0.12,0.17,27.7740228052095,55.2457266885083,,0.282168838036632,5.8376187205163,0.333859874907025,,,0.0523932661103638,1.74473389815256
"Kankakee, IL MSA",109862,1,0.1,1.1,0.9,0.94,0.0038,0.4,0.44,0.054,0.79,0.26,0.12,0.17,43.3612454789942,19.0513293836179,,0.599763067217914,9.1870614413955,0.45005775978658,,,0.0342258164815204,0.654944910343022
"Lewiston-Auburn, ME MSA",109834,1,0.1,1.1,0.9,0.94,0.0038,0.4,0.44,0.054,0.79,0.26,0.12,0.17,50.2055860528282,17.9661073670423,,0.358775463752937,1.08218314078239,0.488027921160997,,,0.910764425726224,2.89513099087826
"Watertown-Fort Drum, NY MSA",108277,1,0.1,1.1,0.9,0.94,0.0038,0.4,0.44,0.054,0.79,0.26,0.12,0.17,43.1156533138449,4.84848369987429,,1.78167736475809,9.48860931176512,0.745015930569634,,,0.0192246869858467,4.32649726322351
"Sebring-Avon Park, FL MSA",106221,1,0.1,1.1,0.9,0.94,0.0038,0.4,0.44,0.054,0.79,0.26,0.12,0.17,55.1061500452929,2.32735372087657,,1.51190710170434,0.583163715002327,0.801712538247098,,,0.722027844356412,1.89377555237752
"Decatur, IL MSA",104009,1,0.1,1.1,0.9,0.94,0.0038,0.4,0.44,0.054,0.79,0.26,0.12,0.17,59.5448207673198,18.7691671451576,,0.41676784544042,6.48978070109725,0.514055785155495,,,0.949728905823827,2.38795782998355
"Fond du Lac, WI MSA",103403,1,0.1,1.1,0.9,0.94,0.0038,0.4,0.44,0.054,0.79,0.26,0.12,0.17,44.8771825871943,2.23269650517334,,5.32771262994056,3.99507023069816,0.922413893376317,,,0.0744257922336349,1.87459633983324
"Gettysburg, PA MSA",103126,1,0.1,1.1,0.9,0.94,0.0038,0.4,0.44,0.054,0.79,0.26,0.12,0.17,30.7757394781629,38.1469361455486,,0.33880922902421,1.63387220155302,0.32605610434956,,,0.0238953960115703,2.01605288410101
"Mankato, MN MSA",103009,1,0.1,1.1,0.9,0.94,0.0038,0.4,0.44,0.054,0.79,0.26,0.12,0.17,39.7908859700908,36.3487973014237,,0.256582832914253,9.41691030821572,0.298323202651496,,,0.980504873832032,5.88439843013341
"Bay City, MI MSA",102351,1,0.1,1.1,0.9,0.94,0.0038,0.4,0.44,0.054,0.79,0.26,0.12,0.17,59.3959079683553,1.6141921351136,,0.837342945238749,0.143832858747726,0.788754074303009,,,0.988074114941897,2.54681355420745
"Gadsden, AL MSA",102268,1,0.1,1.1,0.9,0.94,0.0038,0.4,0.44,0.054,0.79,0.26,0.12,0.17,53.3125044533981,16.3509876131779,,0.416763641714156,4.06861150022652,0.45539132638661,,,0.972194664115795,2.15079930461141
"Lima, OH MSA",102180,1,0.1,1.1,0.9,0.94,0.0038,0.4,0.44,0.054,0.79,0.26,0.12,0.17,46.8712525749367,8.25043054444934,,0.748262245685633,0.429448082192015,0.711077440335549,,,0.52877487707004,0.833276352925289
"Ithaca, NY MSA",101927,1,0.1,1.1,0.9,0.94,0.0038,0.4,0.44,0.054,0.79,0.26,0.12,0.17,49.9766382189152,1.43526248959966,,10.7646260898082,6.59727158719952,0.970633388290536,,,0.0289371021389119,1.54875900859289
"Cheyenne, WY MSA",100815,1,0.1,1.1,0.9,0.94,0.0038,0.4,0.44,0.054,0.79,0.26,0.12,0.17,56.3837067759226,29.4443701675248,,0.330226623552994,7.95086882039383,0.461537183018898,,,0.9576986779148,1.35901251612194
"Grand Forks, ND-MN MSA",99742,1,0.1,1.1,0.9,0.94,0.0038,0.4,0.44,0.054,0.79,0.26,0.12,0.17,54.5411395434963,12.728525058276,,0.518518437964521,3.49996538276459,0.541564968895058,,,0.982881798296607,0.660361101672651
"Hot Springs, AR MSA",99500,1,0.1,1.1,0.9,0.94,0.0038,0.4,0.44,0.054,0.79,0.26,0.12,0.17,49.1736678945698,2.77824520765334,,0.746327478353156,0.131894254862601,0.785281334199893,,,0.838552629234164,1.36860636673139
"Victoria, TX MSA",99386,1,0.1,1.1,0.9,0.94,0.0038,0.4,0.44,0.054,0.79,0.26,0.12,0.17,48.1905997336882,1.98387472520747,,0.894130090399647,0.20128496070536,0.778267996089834,,,0.971692681157057,0.714664341289673
"Rome, GA MSA",98498,1,0.1,1.1,0.9,0.94,0.0038,0.4,0.44,0.054,0.79,0.26,0.12,0.17,37.5837196960529,26.0796085957776,,0.297665173253436,4.26465327856444,0.335447065529428,,,0.979469200103429,1.55070561995783
"Dubuque, IA MSA",97311,1,0.1,1.1,0.9,0.94,0.0038,0.4,0.44,0.054,0.79,0.26,0.12,0.17,52.684071864177,1.85330026478959,,6.16649038180176,1.26634733628606,0.926198249417766,,,0.0197348211906048,2.25057992334169
"Cape Girardeau, MO-IL MSA",97284,1,0.1,1.1,0.9,0.94,0.0038,0.4,0.44,0.054,0.79,0.26,0.12,0.17,52.264939927989,36.397238653066,,0.276532931000162,6.87808194043173,0.405617741905239,,,0.93916068402749,1.78573789292899
"Cumberland, MD-WV MSA",96849,1,0.1,1.1,0.9,0.94,0.0038,0.4,0.44,0.054,0.79,0.26,0.12,0.17,51.5568868542456,1.08629850867178,,5.88743215470228,5.52820990600044,0.943223536061236,,,0.953231385797534,0.340886999840381
"Pocatello, ID MSA",96765,1,0.1,1.1,0.9,0.94,0.0038,0.4,0.44,0.054,0.79,0.26,0.12,0.17,59.545471590849,0.520267662522906,,12.8687927113129,9.94711200601838,0.991499463875617,,,0.734656391152425,2.07564775646615
"Fairbanks, AK MSA",95489,1,0.1,1.1,0.9,0.94,0.0038,0.4,0.44,0.054,0.79,0.26,0.12,0.17,57.2041782431768,1.12400396889519,,2.13370379082206,4.90403002763819,0.800139988740643,,,0.388338261675995,1.02087365895896
"Corvallis, OR MSA",93053,1,0.1,1.1,0.9,0.94,0.0038,0.4,0.44,0.054,0.79,0.26,0.12,0.17,45.0991726655277,4.58192791665446,,1.31271491421198,0.269523532833658,0.824445097414975,,,0.0237393940678894,0.996948671476615
"Ocean City, NJ MSA",92039,1,0.1,1.1,0.9,0.94,0.0038,0.4,0.44,0.054,0.79,0.26,0.12,0.17,43.3318334463735,26.6965282988668,,0.447366593689119,3.01024848799885,0.476303249893911,,,0.0863074670569033,2.8050759560225
"Parkersburg-Vienna, WV MSA",89339,1,0.1,1.1,0.9,0.94,0.0038,0.4,0.44,0.054,0.79,0.26,0.12,0.17,38.7230842942365,34.9138081330629,,0.385381311016458,6.78973702478029,0.487457326498903,,,0.0311315650034056,5.83075732579517
"Grants Pass, OR MSA",87804,1,0.1,1.1,0.9,0.94,0.0038,0.4,0.44,0.054,0.79,0.26,0.12,0.17,25.6321958116466,61.9273395252261,,0.241800913235561,7.55395093857752,0.331642227457676,,,0.953778369159251,0.830217760118139
"Pine Bluff, AR MSA",87487,1,0.1,1.1,0.9,0.94,0.0038,0.4,0.44,0.054,0.79,0.26,0.12,0.17,53.3053992119256,6.43882917282031,,0.613414930408905,0.677585665493286,0.639293288080246,,,0.636586445475869,1.40385805235153
"Columbus, IN MSA",83779,1,0.1,1.1,0.9,0.94,0.0038,0.4,0.44,0.054,0.79,0.26,0.12,0.17,32.41523265075,38.6685276260572,,0.351768985269972,6.57577314450443,0.321879440562934,,,0.029782711947214,1.89647438468061
"Midland, MI MSA",83456,1,0.1,1.1,0.9,0.94,0.0038,0.4,0.44,0.054,0.79,0.26,0.12,0.17,58.4550146394741,2.37789483259798,,12.2081392633643,8.73597244091195,0.968832806889298,,,0.00506068920015531,0.993812611882246
"Hinesville, GA MSA",83194,1,0.1,1.1,0.9,0.94,0.0038,0.4,0.44,0.054,0.79,0.26,0.12,0.17,47.8603781871137,23.0352302629426,,0.372375696109975,0.438451172483105,0.517831110136112,,,0.870740910242721,1.83209034484102
"Bloomsburg-Berwick, PA MSA",83156,1,0.1,1.1,0.9,0.94,0.0038,0.4,0.44,0.054,0.79,0.26,0.12,0.17,54.5957424296743,0.665124639966463,,7.92436444791272,5.40735163407586,0.959473635092476,,,0.909778230317981,0.681624228610871
"Kokomo, IN MSA",82544,1,0.1,1.1,0.9,0.94,0.0038,0.4,0.44,0.054,0.79,0.26,0.12,0.17,36.2850703017315,0.344851579591988,,1.05188268876703,0.136862368737674,0.755881242378472,,,0.0322562431886831,1.69137665337748
"Elmira, NY MSA",81366,1,0.1,1.1,0.9,0.94,0.0038,0.4,0.44,0.054,0.79,0.26,0.12,0.17,54.5977788314219,1.34209585277175,,2.4269630555097,3.69205604880608,0.856008088386442,,,0.698598381086882,0.677844076705807
"Great Falls, MT MSA",80994,1,0.1,1.1,0.9,0.94,0.0038,0.4,0.44,0.054,0.79,0.26,0.12,0.17,56.9553020377814,3.01217920428503,,0.886520729721979,0.459287640663269,0.706635019745128,,,0.940589155090098,1.05351070678424
"Casper, WY MSA",79858,1,0.1,1.1,0.9,0.94,0.0038,0.4,0.44,0.054,0.79,0.26,0.12,0.17,53.8688230642266,6.64389983760982,,0.758323663620941,2.5601944445718,0.645727871729972,,,0.885802467548152,0.615906090357981
"Grand Island, NE MSA",75758,1,0.1,1.1,0.9,0.94,0.0038,0.4,0.44,0.054,0.79,0.26,0.12,0.17,66.8193754561577,1.15851949585579,,4.40005947529695,2.51124521082176,0.916579106280235,,,0.442453451152493,0.9175410623566
"Danville, IL MSA",75553,1,0.1,1.1,0.9,0.94,0.0038,0.4,0.44,0.054,0.79,0.26,0.12,0.17,55.6033345534321,0.956268316438508,,1.3435855296436,0.116895670243271,0.786726360420551,,,0.0850069256583045,1.36423744848357
"Lewiston, ID-WA MSA",62990,1,0.1,1.1,0.9,0.94,0.0038,0.4,0.44,0.054,0.79,0.26,0.12,0.17,55.3177339517609,1.36699400631356,,0.618979144839794,0.0834800074530949,0.821472596094569,,,0.920313523383744,0.699223961829969
"Walla Walla, WA MSA",61056,1,0.1,1.1,0.9,0.94,0.0038,0.4,0.44,0.054,0.79,0.26,0.12,0.17,62.9199394885752,1.37088700641979,,1.64361474795735,5.32263960005864,0.773093236279356,,,0.9338512431938,0.636387141295419
"Enid, OK MSA",60760,1,0.1,1.1,0.9,0.94,0.0038,0.4,0.44,0.054,0.79,0.26,0.12,0.17,34.0201706040988,54.2742534403158,,0.209173735683147,8.7845972074203,0.239570214757416,,,0.957190034084098,0.674445008864883
"Carson City, NV MSA",55916,1,0.1,1.1,0.9,0.94,0.0038,0.4,0.44,0.054,0.79,0.26,0.12,0.17,44.0773146172122,3.41103784637376,,3.44486776757448,7.9448327834302,0.858711960544877,,,0.0119021536780887,1.03909329726581
