"","2.5 percentile","5 percentile","10 percentile","15 percentile","20 percentile","25 percentile","30 percentile","35 percentile","40 percentile","45 percentile","50 percentile","55 percentile","60 percentile","65 percentile","70 percentile","75 percentile","80 percentile","85 percentile","90 percentile","95 percentile","97.5 percentile","ConfirmedCases"
"2020-01-21",0,0,0,0,0,0,0,0,0,0,0,0,0,0,0,0,0,0,0,0,0,0
"2020-01-22",0,0,0,0,0,0,0,0,0,0,0,0,0,0,0,0,0,0,0,0,0,1
"2020-01-23",0,0,0,0,0,0,0,0,0,0,0,0,0,0,0,0,0,0,0,0,0,0
"2020-01-24",0,0,0,0,0,0,0,0,0,0,0,0,0,0,0,0,0,0,0,0,0,0
"2020-01-25",0,0,0,0,0,0,0,0,0,0,0,0,0,0,0,0,0,0,0,0,0,0
"2020-01-26",0,0,0,0,0,0,0,0,0,0,0,0,0,0,0,0,0,0,0,0,0,0
"2020-01-27",0,0,0,0,0,0,0,0,0,0,0,0,0,0,0,0,0,0,0,0,1,0
"2020-01-28",0,0,0,0,0,0,0,0,0,0,0,0,0,0,0,0,0,0,0,0,1,1
"2020-01-29",0,0,0,0,0,0,0,0,0,0,0,0,0,0,0,0,0,0,0,0,1,0
"2020-01-30",0,0,0,0,0,0,0,0,0,0,0,0,0,0,0,0,0,0,0,0,1,0
"2020-01-31",0,0,0,0,0,0,0,0,0,0,0,0,0,0,0,0,0,0,0,1,1,0
"2020-02-01",0,0,0,0,0,0,0,0,0,0,0,0,0,0,0,0,0,0,0,1,1,0
"2020-02-02",0,0,0,0,0,0,0,0,0,0,0,0,0,0,0,0,0,0,0,1,1,0
"2020-02-03",0,0,0,0,0,0,0,0,0,0,0,0,0,0,0,0,0,0,0,1,1,0
"2020-02-04",0,0,0,0,0,0,0,0,0,0,0,0,0,0,0,0,0,0,0,1,1,0
"2020-02-05",0,0,0,0,0,0,0,0,0,0,0,0,0,0,0,0,0,0,1,1,1,0
"2020-02-06",0,0,0,0,0,0,0,0,0,0,0,0,0,0,0,0,0,0,1,1,1,0
"2020-02-07",0,0,0,0,0,0,0,0,0,0,0,0,0,0,0,0,0,1,1,1,1,0
"2020-02-08",0,0,0,0,0,0,0,0,0,0,0,0,0,0,0,0,0,1,1,1,1,0
"2020-02-09",0,0,0,0,0,0,0,0,0,0,0,0,0,0,0,0,1,1,1,1,2,0
"2020-02-10",0,0,0,0,0,0,0,0,0,0,0,0,0,0,0,0,1,1,1,1,2,0
"2020-02-11",0,0,0,0,0,0,0,0,0,0,0,0,0,0,0,1,1,1,1,1,2,0
"2020-02-12",0,0,0,0,0,0,0,0,0,0,0,0,0,0,1,1,1,1,1,2,2,0
"2020-02-13",0,0,0,0,0,0,0,0,0,0,0,0,0,0,1,1,1,1,1,2,2,0
"2020-02-14",0,0,0,0,0,0,0,0,0,0,0,0,0,1,1,1,1,1,2,2,2,0
"2020-02-15",0,0,0,0,0,0,0,0,0,0,0,0,1,1,1,1,1,1,2,2,3,0
"2020-02-16",0,0,0,0,0,0,0,0,0,0,0,1,1,1,1,1,1,2,2,2,3,0
"2020-02-17",0,0,0,0,0,0,0,0,0,0,1,1,1,1,1,1,2,2,2,3,3,0
"2020-02-18",0,0,0,0,0,0,0,0,0,1,1,1,1,1,1,2,2,2,2,3,4,0
"2020-02-19",0,0,0,0,0,0,0,0,1,1,1,1,1,1,2,2,2,2,3,3,4,0
"2020-02-20",0,0,0,0,0,0,1,1,1,1,1,1,1,2,2,2,2,3,3,4,5,0
"2020-02-21",0,0,0,0,0,1,1,1,1,1,1,1,2,2,2,2,3,3,4,4,5,0
"2020-02-22",0,0,0,0,0,1,1,1,1,1,2,2,2,2,2,3,3,3,4,5,6,0
"2020-02-23",0,0,0,0,1,1,1,1,1,2,2,2,2,3,3,3,4,4,5,6,6,0
"2020-02-24",0,0,0,1,1,1,1,2,2,2,2,2,3,3,3,4,4,5,5,6,7,0
"2020-02-25",0,0,1,1,1,1,2,2,2,2,3,3,3,4,4,4,5,5,6,7,8,0
"2020-02-26",0,0,1,1,1,2,2,2,3,3,3,3,4,4,5,5,5,6,7,8,9,0
"2020-02-27",0,1,1,1,2,2,2,3,3,3,4,4,4,5,5,6,6,7,8,9,11,1
"2020-02-28",0,1,1,2,2,3,3,3,4,4,4,5,5,6,6,7,7,8,9,11,12,0
"2020-02-29",1,1,2,2,3,3,4,4,4,5,5,6,6,7,7,8,8,9,10,12,14,1
"2020-03-01",1,1,2,3,3,4,4,5,5,6,6,7,7,8,8,9,10,11,12,14,16,0
"2020-03-02",1,2,3,4,4,5,5,6,6,7,7,8,8,9,10,11,11,13,14,16,18,0
"2020-03-03",2,2,4,4,5,6,6,7,7,8,9,9,10,11,11,12,13,15,16,19,21,1
"2020-03-04",2,3,4,5,6,7,7,8,9,9,10,11,12,12,13,14,15,17,19,22,25,1
"2020-03-05",3,4,5,6,7,8,9,10,10,11,12,13,14,15,16,17,18,20,22,25,29,0
"2020-03-06",4,5,6,8,9,10,10,11,12,13,14,15,16,17,18,19,21,23,25,29,33,1
"2020-03-07",4,6,8,9,10,11,12,13,14,15,16,18,19,20,21,23,25,27,30,34,38,4
"2020-03-08",5,7,9,11,12,13,15,16,17,18,19,21,22,23,25,27,29,31,35,40,45,8
"2020-03-09",7,9,11,13,14,16,17,19,20,21,23,24,26,27,29,31,34,36,40,47,52,6
"2020-03-10",8,10,13,15,17,19,20,22,24,25,27,28,30,32,34,37,39,43,47,54,61,7
"2020-03-11",10,12,16,18,20,22,24,26,28,30,31,33,35,38,40,43,46,50,55,63,71,14
"2020-03-12",12,15,18,21,24,26,28,31,33,35,37,39,42,44,47,50,54,58,64,74,83,14
"2020-03-13",14,17,22,25,28,31,33,36,38,41,43,46,49,52,55,59,63,68,75,86,97,25
"2020-03-14",17,21,26,30,33,37,39,42,45,48,51,54,58,61,65,69,74,80,89,101,114,8
"2020-03-15",20,25,31,35,39,43,46,50,53,56,60,64,67,71,76,81,87,94,104,119,133,60
"2020-03-16",24,29,36,42,46,51,55,59,63,66,71,75,79,84,89,95,102,110,121,139,156,117
"2020-03-17",28,34,43,49,54,59,64,69,73,78,83,88,93,98,104,111,119,129,142,163,182,135
"2020-03-18",33,41,50,58,64,70,76,81,86,92,97,103,109,116,123,131,140,151,167,191,213,158
"2020-03-19",39,48,59,68,75,82,89,95,101,107,114,121,128,136,144,153,164,178,196,224,250,165
"2020-03-20",47,57,70,80,89,97,104,112,119,126,134,142,150,159,169,180,192,208,229,263,294,298
"2020-03-21",55,67,82,94,104,113,122,131,140,148,157,166,176,186,198,211,226,244,269,308,344,177
"2020-03-22",64,78,96,110,122,133,143,153,163,173,184,194,206,218,231,246,264,285,313,359,402,308
"2020-03-23",75,90,111,127,141,154,165,177,189,200,212,225,238,252,268,285,305,330,363,416,465,335
"2020-03-24",86,104,129,147,163,177,191,204,217,231,245,259,274,290,308,327,351,379,416,477,535,661
"2020-03-25",98,119,146,167,185,202,217,233,248,263,278,295,312,330,351,373,399,431,474,543,608,499
"2020-03-26",112,135,166,189,209,228,245,263,279,296,314,332,352,373,396,421,451,487,536,614,688,517
"2020-03-27",126,151,186,213,236,257,277,296,315,334,354,375,396,419,445,474,507,548,602,689,770,1040
"2020-03-28",140,169,208,238,262,286,308,330,351,373,395,418,442,468,496,528,566,611,672,770,862,433
"2020-03-29",157,190,233,266,294,320,344,368,392,416,440,465,492,521,553,589,630,682,750,858,961,957
"2020-03-30",173,209,257,293,324,353,380,407,433,461,488,516,546,578,613,652,698,754,829,946,1060,975
"2020-03-31",190,231,283,324,358,389,419,448,477,506,536,567,599,635,673,716,767,829,912,1044,1165,700
"2020-04-01",210,253,311,355,393,427,460,492,524,556,588,622,658,697,739,787,841,908,998,1142,1277,1199
"2020-04-02",230,278,341,388,430,468,504,539,574,609,645,682,721,763,810,862,922,996,1093.10000000001,1253,1398,1449
"2020-04-03",251,302,371,423,468,510,549,588,625,663,702,743,786,833,883,939,1005,1085,1192,1364,1523,851
"2020-04-04",272,329,403,459,507,552,595,636,677,719,761,805,852,902,956,1018,1088,1174,1291,1475,1652,954
"2020-04-05",295,354,435,495,548.800000000003,596,642,687,731,776,821,868,918,973,1032,1099,1176,1270,1395,1594,1781,1260
"2020-04-06",319,384,470,536,593,645,694,742,789,837,887,938,992,1050,1113,1184,1267,1367,1500,1719,1928,1450
"2020-04-07",342,411,503,574,636,691,743,794,845,897,950,1005,1062,1124,1193,1269,1358,1465,1610,1840,2050,1284
"2020-04-08",362,439,538,613,678,738,795,851,904,959,1015,1074,1136,1202,1274,1356,1449,1564,1719,1964,2194,1406
"2020-04-09",388,466,572,652,722,784,845,903,961,1019,1079,1142,1208,1278,1355,1443,1545,1668,1833,2095,2341,1350
"2020-04-10",410,495,608,693,767,835,898,960,1021,1083,1146,1212,1281.39999999999,1356,1438,1530,1636,1766,1941,2221,2480.02499999999,1673
"2020-04-11",433,523,644,734,813,883,951,1016,1080,1146,1213,1283,1357,1436,1522,1618,1732,1870,2054,2343,2622,1184
"2020-04-12",456,553,677,772,852,928,998,1067,1137,1205,1276,1349,1425,1509,1601,1703,1823,1970,2164,2471,2765,1208
"2020-04-13",484,583,715,814,900,980,1053,1125,1198,1269,1344,1423,1503,1590,1688,1794,1920,2075,2279,2607,2912,1336
"2020-04-14",508,611,748,853,942,1025,1103,1179,1255,1332,1409,1490,1575,1666,1765,1878,2007,2168,2382,2726,3055,1166
"2020-04-15",530,637,779,889,984,1070,1151,1231,1311,1391,1473,1557,1647,1742,1845,1963,2102,2271,2498,2856,3194,1788
"2020-04-16",547,663,811,926,1024,1115,1198,1281,1363,1447,1533,1620,1714,1812,1922,2043,2186,2361,2594,2974,3327,1496
"2020-04-17",573,690,846,964,1066,1158,1246,1331,1417,1503,1590,1682,1778,1881,1994,2121,2271,2454,2694,3078,3442,1116
"2020-04-18",594,714,876,999,1106,1203,1292,1381,1470,1558,1650,1745,1844,1951,2068,2199,2352,2542,2790,3195,3573,1142
"2020-04-19",611,737,903,1030,1139,1240,1335,1427,1519,1610,1705,1802,1907,2018,2139,2274,2433,2627,2884,3293,3687.02499999999,1429
"2020-04-20",626,757,929,1059,1173,1278,1378,1472,1566,1662,1759,1860,1967,2081,2209,2350,2513,2715,2982,3409,3813,1849
"2020-04-21",645,782,957,1092,1207.8,1312,1412,1510,1607,1704,1806,1909,2018,2135,2262,2410,2576,2782,3054,3492,3898,1812
"2020-04-22",665,802,983,1121,1239,1347,1450,1550,1649,1749.55,1851,1958,2072,2195,2329,2476,2644,2854,3135,3586,4003,2591
"2020-04-23",676,818,1001,1140,1263,1375,1480,1583,1683,1785,1891,2000,2115,2239,2374,2526,2700,2917,3209,3673,4107,1988
"2020-04-24",696,839,1025,1167,1291,1406,1513,1617,1722,1827,1933,2043,2160,2284,2423,2578,2757,2980,3271,3734,4175,1936
"2020-04-25",705,850,1042,1187,1313,1428,1540,1646,1751,1857,1966,2079,2199,2327,2468,2625,2806,3033,3338,3810,4265,1884
"2020-04-26",714,863,1059,1209,1336,1455,1565,1672,1779,1886,1997,2113,2233,2365,2508,2666,2851,3082,3385,3879,4341,2113
"2020-04-27",729,879,1072,1220,1351,1470,1583,1693,1802,1912,2023,2139,2261,2393,2538,2701,2891,3124,3430,3922,4383.02499999999,2147
"2020-04-28",734,883,1084,1239,1371,1491,1603,1713,1823,1935,2046,2164,2291,2423,2568,2733,2926,3161,3471,3966,4444.02499999999,2369
"2020-04-29",742,893,1095,1249,1382,1503,1617,1728,1839,1952,2069,2187,2312,2446,2594,2759,2953,3192,3504,4009,4480,3135
"2020-04-30",749,902,1106,1259,1391,1515,1632,1745,1857,1969,2087,2207,2334,2470,2619,2787,2982,3223,3538,4050,4523,2425
"2020-05-01",748,903,1105,1263,1397,1519,1635,1747,1860,1974,2088,2208,2336,2473,2624,2792,2991,3233,3552,4065,4537,2799
"2020-05-02",754,907,1115,1268,1404,1527,1645,1758,1871,1985,2102,2224,2351,2491,2642,2812.25,3010,3248,3570,4085,4568,2239
"2020-05-03",754,908,1114,1273,1409,1532,1648,1763,1877,1990,2107,2229,2358,2492,2643,2811,3007,3250,3574,4093,4564,2046
"2020-05-04",756,912,1117,1274,1410,1533,1650,1762,1875,1988,2105,2227,2356,2492,2643,2812,3007,3250,3576,4085,4561,2224
"2020-05-05",750,904,1108,1267,1402,1524,1641,1755,1868,1981,2098,2220,2350,2487,2633,2804,3001,3248,3569,4083.04999999999,4571,2492
"2020-05-06",748,901,1106,1262,1396,1521,1636,1748,1860,1972,2087,2209,2336,2473,2626,2796,2990.20000000001,3232,3550,4054,4535,2771
"2020-05-07",742,897,1100,1254,1386,1507,1623,1737,1851,1963,2081,2203,2327,2463,2613,2784,2977,3220,3535,4047,4528,2148
"2020-05-08",736,889,1091,1246,1378,1500,1615,1726,1837,1949,2065,2184,2310,2441,2591,2759.25,2954,3191,3513,4018,4502,1571
"2020-05-09",734,886,1087,1238,1367,1487,1603,1715,1825,1937.55,2051,2171,2294,2429,2574,2738,2930,3169,3482,3984,4452,1446
"2020-05-10",726,876,1076,1225,1354,1472,1584,1693,1804,1914,2028,2144,2268,2401,2549,2717,2911,3143,3457,3953,4411,3708
"2020-05-11",718,866,1063,1212,1340,1456,1570,1678,1784,1895,2005,2122,2242,2373,2517,2681,2872,3104,3410,3911,4378,1547
"2020-05-12",710,853,1052,1200,1326,1442,1552,1660,1767,1874,1983,2098,2219,2348,2488,2650,2834,3058,3365,3850.04999999999,4310,3096
"2020-05-13",696.975,840,1027,1174,1302,1418,1528,1632,1737,1841,1950,2063,2182,2310,2450,2607,2791,3019,3317,3796,4246,2332
"2020-05-14",687,830,1021,1162,1283,1396,1503,1607,1711,1815,1921,2032,2148,2275,2413,2571,2752,2975,3272,3747.04999999999,4199,2003
"2020-05-15",679.975,819,1005,1145,1266,1376,1481,1584,1686,1790,1894,2004,2120,2245,2380,2534,2714,2929,3219,3694,4126,1541
"2020-05-16",663,799,981,1120,1239,1346,1451,1553,1653,1754,1856,1964,2077,2198,2333,2485,2659,2873,3156.10000000001,3612,4040,2294
"2020-05-17",654,790,967,1102,1218,1323,1424,1522.64999999999,1620,1720,1822,1927,2038,2157,2289,2435,2609,2820,3095,3548,3969,1471
"2020-05-18",637.975,770,945,1078,1194,1299,1400,1497,1593,1689,1789,1891,2000,2116,2246,2390,2558,2764,3041,3485,3889,2344
"2020-05-19",624,751,921,1054,1167,1270,1366,1461,1556,1650,1747,1848,1953,2069,2196,2338,2503,2706,2971,3401,3800,2157
"2020-05-20",612,738,904,1032,1142,1242,1336,1428,1521,1617,1712,1810,1915,2028,2150,2288,2452,2646,2906,3332,3727,2560
"2020-05-21",601,723,889,1012,1118,1218,1310,1400,1489,1580,1672,1769,1870.39999999999,1981,2099,2233,2390,2584,2840,3249,3627.02499999999,2265
"2020-05-22",586,702,862,985,1089,1185,1276,1364,1452,1541,1632,1725,1824,1931,2049,2183,2338,2522,2769,3173,3550,2298
"2020-05-23",571,688.950000000001,843,961,1063,1157,1245.7,1334,1417,1504,1593,1685,1782,1886,2000,2129,2279,2461,2702,3087,3457,1660
"2020-05-24",555,667,817,934,1034,1127,1213,1299,1383,1466,1553,1640,1734,1835,1944,2070,2217,2393,2630,3012,3375,1157
"2020-05-25",539,651,801,911,1007,1096,1180,1264,1346,1428,1511,1598,1690,1789,1897,2017,2156,2328,2557,2927,3272,1108
"2020-05-26",526,634,778,887,982,1068,1150,1229,1309,1388,1470,1555,1647,1743,1846,1964,2100,2269,2493,2851,3183,1482
"2020-05-27",510,618,758,863,955,1039,1119,1197,1272,1349,1428,1512,1600,1692,1793,1908,2040,2202,2416.10000000001,2765,3097,1540
"2020-05-28",498,598,735,837,924,1004,1081,1156,1231,1307,1384,1463,1548,1639,1741,1853,1984,2144,2352,2689,3009,1407
"2020-05-29",484,582,714,813,900,979,1054,1127,1199,1272,1346,1423,1505,1593,1691,1799,1927,2083,2288,2615,2916.02499999999,1225
"2020-05-30",463,560.950000000001,688,785,869,945,1018,1089,1159,1230,1302,1377,1456,1541,1635,1741,1863,2012,2209,2525,2820,984
"2020-05-31",452,546,669,764,844,917,988,1056,1124,1192,1262,1335,1412,1493,1583,1684,1800,1944,2139,2441,2734,1500
"2020-06-01",435,527,646,738,815,887,954,1022,1089,1157,1225,1295,1369,1448,1535,1633,1746,1885,2073,2371,2648,1014
"2020-06-02",427,515,630,718,792,861,928,991,1055,1118,1183,1251,1324,1400,1485,1581,1691,1825,2008,2291,2567,760
"2020-06-03",412,498,608,693,766,834,897,959,1021,1083,1146,1212,1282,1358,1440,1531,1639,1770,1943,2219,2477,1010
"2020-06-04",397,479,587,670,741,805,866,926,985,1045,1106.5,1171,1239,1310,1390,1479,1582,1706,1877,2146,2398,842
"2020-06-05",387,465,569,647,716,778,838,895,954,1012,1071,1132,1196,1265,1340,1425,1526,1648,1810,2066,2306,775
"2020-06-06",370.975,446,546,623,690,752,809,866,922,978,1036,1094,1157,1224,1298,1381,1477,1595,1754,2003,2236,686
"2020-06-07",356,430,528,602,667,725,781,835,889,942,997,1055,1115,1180,1251,1330.25,1423,1536,1687,1927,2149,725
"2020-06-08",344,416,509,581,642,699,751,803,854,906,959,1015,1075,1138,1205,1283,1372,1480,1628,1863,2077,539
"2020-06-09",333,402,492,561,621,675,726,776,826,876,927,981,1037,1097,1163,1236,1322,1429,1568,1791,2002,675
"2020-06-10",319,385,471,538,595,647,697,746,794,843,892,944,998,1056,1120,1191,1273,1375,1512,1727,1935,522
"2020-06-11",310,373,457,520,575,625,672,719,766,812,860,909,961,1017,1078,1147,1226,1324,1456,1664,1864,502
"2020-06-12",297,358,440,501,554,603,649,694,738,783,828,876,926,979,1038,1104,1183,1277,1403,1603,1796,521
"2020-06-13",287,343,423,482,533,579,623,666,708,752,795,840,889,942,999,1063,1136,1228,1349,1544,1727,481
"2020-06-14",275,332,405,463,512,559,601,642,682,724,766,810,857,906.350000000006,961,1023,1095,1183,1298,1485,1659,589
"2020-06-15",263,317,388,444,491,534,576,616,655,695,736,779,824,873,926,986,1055,1138,1251,1428,1600,461
"2020-06-16",253,305,376,428,474,516,556,594,632,670,710,750,793,841,891,949,1015,1096,1202,1375,1537.02499999999,623
"2020-06-17",244,294,362,413,456,496,534,570,607,643,680,719,760,805,854,909,972,1051,1154,1318,1471,594
"2020-06-18",235,283,347,396,438,477,513,549,584,619,655,693,733,776,824,877,938,1013,1112,1271,1419,547
"2020-06-19",225,272,333,379,420,456,491,525,559,593,628,664,702,744,789,840,899,971,1068,1223,1367,542
"2020-06-20",216,260,319,365,403,438,471,504,537,570,603,637,674,715,757,806,863,933,1025,1172,1311,445
"2020-06-21",207,250,307,350,387,421,454,486,517,548,581,614,649,687,728,775,829,896,984,1126,1259,607
"2020-06-22",199,240,295,337,373,406,437,468,497,528,559,592,626,663,704,750,803,868,951,1087,1217,615
"2020-06-23",197,238,292,332,368,401,431,461,491,521,551,583,617,652,692,737,789,851,936,1071,1198,829
"2020-06-24",197,237,291,333,368,401,432,462,492,522,552,585,619,656,696,740,792,855,939,1077,1205,759
"2020-06-25",202,244,299,341,377,410,441,472,502,533,565,597,631,667,707,753,807,872,957,1095,1224,579
"2020-06-26",206,250,306,349,385,420,452,484,514,546,578,611,647,685,727,774,828,895,984,1127,1262,548
"2020-06-27",212,256,315,359,397,431,464,496,528,560,593,627,663,703,746,794,849,916,1008,1152,1291,636
"2020-06-28",217,261,321,365,404,439,474,506,539,572,605,641,677,716,759,809,865,934,1027,1174,1313,682
"2020-06-29",219,265,326,372,412,448,482,515,549,582,616,651,689,729,773,823,880,951,1045.10000000001,1196,1336,683
"2020-06-30",225,270,331,377,417,455,490,524,558,591,626,661,699,740,786,836,895,967,1062,1214,1356,829
"2020-07-01",227,274,336,383,424,462,497,531,565,600,635,672,710,752,797,849,909,980,1079,1235,1380,714
"2020-07-02",230,278,340,388,430,468,505,539,574,609,644,681,720,762,809,859,920,995,1093,1248,1396,768
"2020-07-03",234,281,345,393,436,473,510,545,580,616,652,690,729,772,818,871,932,1005,1104,1265,1414,516
"2020-07-04",236,285,350,399,442,481,518,553,589,624,661,700,741,784,832,883,944,1019,1120,1282,1432,589
"2020-07-05",239,288,354,404,448,487,525,561,597,634,671,709,750,794,842,896,958,1035,1135,1297,1451,506
"2020-07-06",241,292.950000000001,359,409,453,492,530,567,603,641,678,717,759,803,851,906,969,1045,1149,1315.04999999999,1466,841
"2020-07-07",246.975,297,364,416,460,500,538,576,613,649,688,727,769,814,863,919,984,1062,1166,1331,1489,908
"2020-07-08",248,301,369,420,465,506,545,582,620,658,696,735,778,823,873,929,994,1073,1178,1347,1505,1050
"2020-07-09",252,304,374,426,471,512,552,590,628,666,705,745,788,834,884,941,1007,1088,1195,1366,1528,1042
"2020-07-10",255,308,379,432,478,519,559,598,636,674,713,754,798,844,895,952,1018,1098,1206,1379,1543,731
"2020-07-11",258,312,382,436,483,526,566,604,643,682,722,764,808,855,906,964,1031,1113,1223,1398,1562,740
"2020-07-12",262,316,387,442,489,532,574,613,653,692,732,773,818,865,917,975,1043,1126,1236,1414,1581,655
"2020-07-13",267,322,392,447,495,538,579,619,659,700,741,784,828,878,930,990,1059,1142,1252,1434,1603,930
"2020-07-14",268,323,396,452,500,545,587,627,667,709,750,793,839,888,942,1003,1073,1158,1271,1450,1621,930
"2020-07-15",270,326,401,458,507,552,593.699999999997,634,676,716.550000000003,758,801,847,896,950,1011,1081,1165,1282,1467,1638,982
"2020-07-16",276,332,407,464,514,559,602,643,684,725,768,812,860,909,964,1025,1095.20000000001,1182,1300,1486,1663,930
"2020-07-17",278,335,411,469,519,564,607,649,691,732,775,819,867,918,973,1034,1106,1194,1312,1498,1674,772
"2020-07-18",281,339,417,476,527,572,616,657,700,742,787,832,880,931,987,1049,1123,1212,1333,1518,1697,935
"2020-07-19",285,344,423,483,533,579,624,667,709,752,795,840,888,940,997,1061,1134,1225,1345,1540,1718,854
"2020-07-20",289,349,428,488,539,586,631,674,717,760,804,850,899,952,1009,1074,1150,1241,1364,1556,1736,1266
"2020-07-21",295,353,432,491,544,592,637,680,724,768,812,859,908,961,1019,1084,1160,1254,1376,1571,1756,1266
"2020-07-22",296,356,437,497,550,598,643,688,732,778,824,872,921,974,1032,1098,1175,1269,1392,1588,1775,1142
"2020-07-23",298,360,441.900000000001,504,556,605,650,695,739,784,831,878,929,984,1043,1110,1187,1281,1406,1610,1795,909
"2020-07-24",302,364,447,509,563,611,658,704,748,794,840,889,940,995,1054,1122,1201,1296,1424,1624,1819,1054
"2020-07-25",304,367,451,515,569,619,666,713,758,804,852,901,952,1007,1068,1135.25,1214,1313,1439,1643,1837,999
"2020-07-26",309,372,455,518,572,622,670,716,763,809,857,906,957,1012,1073,1142,1223,1323,1456,1665,1859,875
"2020-07-27",311,375,459,524,580,631,679,726,772,819,867,917,970,1026,1088,1157,1237,1337,1468,1679,1871.02499999999,959
"2020-07-28",314,380,466,531,588,639,687,734,781,830,878,929,982,1040,1102,1172,1253,1352,1484,1697,1897,1352
"2020-07-29",318,383,469,535,592,645,694,743,791,838,887,938,992,1049,1113,1183,1265,1365,1500,1713,1916,1322
"2020-07-30",320,386,474,541,598,651,700,749,797,846,896,947,1001,1059,1123,1194,1277,1379,1514,1725.04999999999,1927,1061
"2020-07-31",323,391,480,547,605,658,709,758,806,854,904,956,1012,1070,1134,1206,1288,1391,1530,1745,1947,949
"2020-08-01",327,395,484,552,611,665,716,766,815,864,915,967,1022,1082,1147,1221,1306,1411,1550,1771,1982,1206
"2020-08-02",332,401,491,560,618,673,724,773,823,873,924,977,1034,1093,1159,1232,1318,1424,1565,1784,1993,990
"2020-08-03",335,403,494,564,625,680,732,783,833,883,935,987,1043,1104,1170,1243,1329,1436,1577,1799,2008,1339
"2020-08-04",338,409,501,571,632,687,739,789,839,890,943,997,1053,1115,1183,1258,1345,1451,1594,1821,2038,1410
"2020-08-05",342,412,506,577,638,693,746,798,848,899,952,1006,1064,1125,1192,1267,1357,1464,1607,1836,2052,1575
"2020-08-06",344,415,510,582,644,700,754,806,856,908,961,1015,1073,1136,1204,1281,1369,1478,1625,1857,2074,1356
"2020-08-07",348,419,515,587,649,705,759,812,863,915,969,1025,1083,1146,1215,1292,1381,1493,1640,1877,2097,986
"2020-08-08",352,424,521,593,656,713,767,821,874,926,980,1037,1095,1159,1229,1307,1398,1509,1657,1896,2114,1018
"2020-08-09",355,429,526,599,662,720,776,829,882,935,988,1046,1104,1168,1239,1316,1408,1521,1670,1906,2130,1157
"2020-08-10",359,433,530,604,669,728,783,836,889,943,998,1056,1116,1180,1252,1330,1421,1532,1682,1919,2148,1059
"2020-08-11",365,438,536,611,674,733,788,843,896,950,1006,1063,1124,1189,1262,1342,1435,1548,1700,1942,2168,1354
"2020-08-12",364,440,540,614,678,737,794,848,904,959,1015,1074,1136,1202,1274,1356,1451,1567,1718.10000000001,1958,2188,1611
"2020-08-13",369,445,546,622,687,746,803,858,914,969,1026,1084,1147,1214,1286,1368,1464,1578,1732,1980,2210,1070
"2020-08-14",370,448,549,627,693,752,810,866,921,976,1032,1091,1153,1220,1294,1375,1470,1586,1742,1992,2222,978
"2020-08-15",378,451,555,632,698,760,818,875,931,987,1044,1105,1168,1236,1309,1392,1489,1608,1763,2011,2250,1445
"2020-08-16",378,456,560,638,705,766,824,880,936,993,1051,1112,1176,1245,1320,1404,1501,1620,1777,2027,2266,1160
"2020-08-17",379,459,563,641,709,771,829,887,944,1001,1058,1119,1183,1252,1328,1413,1512,1631,1791,2045,2280,1329
"2020-08-18",385,463,568,646,716,778,837,894,951,1009,1067,1127,1192,1261,1337,1422,1521,1645,1805,2062,2306,1412
"2020-08-19",387,468,573,653,721,785,845,902,960,1017,1075,1137,1201,1271,1348,1435,1533,1657,1816,2077,2314,1476
"2020-08-20",391,471,578,658,727,789,848,908,965,1024,1084,1147,1213,1284,1362,1449,1550,1675,1837,2093,2340,1527
"2020-08-21",389,471,578,660,730,794,855,915,973,1032,1094,1156,1222,1293,1372,1459,1559,1683,1849,2114,2360,1150
"2020-08-22",394,476,586,667,739,804,865,924,984,1042,1104,1165,1231.39999999999,1304,1382,1469,1571,1696,1862,2128,2376,1263
"2020-08-23",401,482,590,672,744,809,871,930,990,1050,1111,1175,1243,1315,1394,1484,1588,1714,1883,2148,2397,1147
"2020-08-24",406,488,596,679,749,814,876,936,996,1056,1119,1183,1251,1324,1402,1491,1593,1721,1891,2154,2407,1307
"2020-08-25",402,488,599,683,754,819,882,943,1003,1063,1126,1191,1258,1331,1412,1501,1607,1735,1903,2181,2428,1039
"2020-08-26",409,493,605,688,760,826,889,950,1010,1072,1134,1199,1267,1340,1421,1512,1616,1746,1917,2188,2438,1495
"2020-08-27",414,498,609,693,767,833,896,957,1018,1080,1143,1207,1276,1350,1431,1522,1628,1758,1931,2209,2462,962
"2020-08-28",413,499,611,696,770,837,901,962,1024,1086,1151,1217,1285,1359,1441,1532,1638,1765,1938,2211,2465.02499999999,1324
"2020-08-29",418,501.950000000001,615,701,775,843,907,970,1032,1094,1159,1224,1295,1370,1453,1546,1652,1783,1956,2231,2496,1223
"2020-08-30",417,504,619,706,780,848,913,977,1040,1103,1167,1234,1304,1380,1465,1557,1667,1801,1977,2255,2516,792
"2020-08-31",421,508,623,710,785,853,918,981,1044,1107,1172,1240,1312,1387,1470,1562,1671,1805,1982,2265,2529,1082
"2020-09-01",426,513,629,716,790,858,923,987,1050,1113,1177,1245,1317,1394,1477,1571,1680,1813,1991,2277,2538,855
"2020-09-02",427,516,631,719,796,866,932,996,1060,1123,1188,1256,1328,1405,1488,1582,1691,1826,2007,2292,2562,3190
"2020-09-03",428,515,632,720,796,867,933,998,1063,1126,1192,1260,1332,1410,1496,1592,1703,1840,2019,2307,2567,1726
"2020-09-04",432,520,639,730,805,873,940,1005,1070,1136,1201,1270,1343,1420,1505,1599,1713,1845,2025,2316,2583,797
"2020-09-05",433,523,641,731,809,878,946,1011,1076,1141,1208,1276,1350,1426,1512,1610,1721,1859,2040,2332,2603,897
"2020-09-06",435.975,526,646,737,814,885,952,1017,1081,1146,1212,1281,1354,1432,1519,1616,1728,1866,2051,2341,2617,1019
"2020-09-07",438,528,646,737,815,887,954,1019,1085,1150,1217,1288,1362,1441,1528,1625,1739,1878,2062,2352,2623,750
"2020-09-08",438,528,648,740,820,891,959,1025,1092,1159,1229,1299,1373,1452,1538,1636,1750,1889,2073,2364,2645,1032
"2020-09-09",441,534,654,746,825,896,964,1032,1098,1164,1232,1302,1377,1456,1544,1642,1756,1897,2082,2378,2655,1369
"2020-09-10",444,537,658,751,829,901,970,1037,1103,1170,1239,1308,1383,1464,1552,1651,1766,1906.14999999999,2092,2390,2671,1177
"2020-09-11",450,541,662,753,833,907,977,1044,1111,1177,1246,1317,1392,1473,1561,1659,1774,1915,2103,2403,2691,789
"2020-09-12",450,540,662,756,835,908,978,1046,1113,1182,1250,1323,1397,1479,1568,1667,1783,1924,2113,2410,2695,962
"2020-09-13",453,545.950000000001,666,759,840,914,985,1052,1119,1187,1256,1329,1405,1486,1576,1677,1793,1937,2124,2424,2711,857
"2020-09-14",453,545,667,763,843,917,987,1056,1124,1190,1260,1333,1409,1489,1579,1679,1796,1938,2129,2438,2727,1041
"2020-09-15",457,551,674,766,848,921,991,1060,1128,1197,1268,1341,1417,1499,1589,1690,1810,1951,2142,2450,2731,1268
"2020-09-16",460,554,678,771,853,928,998,1067,1135,1202,1271,1343,1420,1503,1594,1696,1815,1960,2150,2454,2735,1167
"2020-09-17",456,551,678,771,853,927,998,1066,1134,1203,1274,1346,1421,1504,1595,1696,1814,1960,2154,2459,2748,1694
"2020-09-18",459,554,680,775,858,933,1003,1072,1141,1210,1281,1354,1431,1513,1605,1707,1826,1972,2165,2468,2750,843
"2020-09-19",461,555,682,777,859,934,1006,1076,1145,1214,1286,1359,1437,1521,1611,1713,1833,1978,2171,2483,2780,1053
"2020-09-20",464,558,684,780,863,939,1010,1078,1147,1218,1288,1363,1440,1524,1614,1717,1834,1978,2172,2482,2777,888
"2020-09-21",463,557.950000000001,687,784,867,942,1013,1083,1152,1222,1294,1368,1447,1531,1623,1725,1845,1990,2190,2505,2798,954
"2020-09-22",468,562,689,785,869,945,1017,1086,1155,1224,1296,1371,1449,1534,1626,1730,1850,1996,2194,2511,2809,1537
"2020-09-23",469,564,689,783,866.800000000003,943,1015,1085,1156,1225,1297,1372,1450,1535,1629,1735,1855,2003,2199,2518,2817.02499999999,1476
"2020-09-24",467,565,691,789,873,950,1022,1092,1162,1234,1305,1379,1457,1541,1634,1738,1858,2006,2203,2520,2814,1429
"2020-09-25",468,565,695,791,874,951,1022,1094,1165,1235,1306.5,1380,1460,1544,1636,1741,1863,2011,2209,2528,2820,956
"2020-09-26",470,566,697,794,877,953,1026,1097,1166,1238,1310,1386,1465,1550,1644,1748,1869,2019,2215,2527,2823,1268
"2020-09-27",471,569,695.900000000001,792,878,955,1028,1098,1168,1240,1313,1389,1467,1555,1648,1755,1877,2024,2224,2542,2840,907
"2020-09-28",471,568,697,797,881,959,1032,1103,1173,1243,1316,1392,1472,1556,1648,1752,1874,2024,2226,2539,2842,1363
"2020-09-29",473,569,698,795,881,958,1030,1101,1171,1241,1315,1391,1470,1556,1650,1756,1877,2028,2225,2546,2847,1273
"2020-09-30",477,574,702,801,885,964,1039,1111,1182,1254,1327,1402,1483,1566,1661,1767,1890,2040,2239,2563,2868,1429
"2020-10-01",481,583,712,812,898,976,1050,1122,1193,1267,1341,1419,1500,1588,1684,1792,1914,2067,2271,2595,2898,1494
"2020-10-02",491,591,726,828,915,995,1071,1143,1217,1291,1366,1445,1527,1618,1717,1827,1955,2108,2317,2642,2950,950
"2020-10-03",506,609,746,851,942,1024,1102,1179,1254,1330,1406,1487,1571,1663,1761,1871,2002,2161,2373,2718,3030,1658
"2020-10-04",523,629,769,877,970,1055,1134,1213,1290,1369,1449,1532,1621,1716,1818,1932,2066,2231,2451,2798,3124,925
"2020-10-05",545,654,798,911,1006,1093,1175,1257,1339,1420,1503,1590,1684,1781,1888,2008,2148,2319,2545,2908,3240,1574
"2020-10-06",560,677,831,947,1048,1139,1227,1312,1395,1481,1568,1657,1752,1853,1965,2090,2234,2412,2647,3027,3379,1983
"2020-10-07",582,703,862,984,1089,1185,1274,1361,1448,1537,1627,1721,1821,1926,2043,2175,2327,2509,2757,3141,3508,1779
"2020-10-08",608,733,898,1025,1135,1235,1328,1419,1511,1601,1694,1791,1894,2004,2126,2259,2417,2606,2864,3276,3667,1996
"2020-10-09",633,763,936,1066,1181,1284,1383,1478,1572,1668,1765,1867,1972,2087,2214,2356,2520,2723,2996,3423,3814,1683
"2020-10-10",663,800,979,1114,1232,1339,1440,1538,1637,1737,1839,1944,2055,2174,2303,2450,2620,2828,3101,3544,3968,1928
"2020-10-11",690.975,829,1013,1156,1277,1390,1496,1599,1701,1804,1907,2016,2133,2257,2393,2545,2723,2941,3231,3690,4122,2297
"2020-10-12",722,863,1056,1205,1333,1449,1558,1667,1772,1879,1990,2103,2224,2353,2495,2654,2839,3065,3362,3841,4283.02499999999,1775
"2020-10-13",750,900,1102,1255,1386,1506,1620,1732,1843,1954,2069,2187,2310,2444,2592,2756,2950,3186,3496,3992,4465,2677
"2020-10-14",774,929,1142,1301,1441,1567,1685,1801,1916,2032,2149,2272,2403,2542,2694,2863,3063,3307,3635,4157,4630,3024
"2020-10-15",798.975,965,1185,1354,1496,1625,1748,1869,1987,2109,2232,2360,2497,2642,2804,2984,3194,3448,3789,4338,4841,2714
"2020-10-16",834,1009,1231,1404,1552,1690,1820,1944,2069,2199,2326,2459,2600,2753,2922,3107,3324,3586,3938,4490,5012,2808
"2020-10-17",868,1049,1287,1465,1619,1759,1893,2023,2153,2283,2417,2554,2698,2854,3026,3220,3444,3720,4084,4658,5201,2909
"2020-10-18",905,1091,1335,1523,1681,1827,1965,2102,2235,2369,2507,2652,2801,2962,3139,3342,3574,3862,4235,4837,5403,2568
"2020-10-19",941,1133,1384,1579,1745,1898,2045,2185.64999999999,2324,2464,2608,2756,2914,3086,3271,3477,3715,4008,4399,5015,5603,2727
"2020-10-20",969,1169,1433,1634,1808,1967.75,2120,2266,2409,2550,2699,2854,3018,3194,3383.29999999999,3604,3859,4166,4574,5216,5816,3562
"2020-10-21",1007,1213,1489,1697,1877,2042,2199,2349,2498,2648,2803,2962,3131,3314,3514,3734,3999,4317,4741,5405,6044,2880
"2020-10-22",1043,1259,1540,1757,1943,2115,2277,2433,2587,2743,2902,3066,3239,3431,3638,3874,4140,4473,4914,5601,6254,4345
"2020-10-23",1084,1306,1596,1821,2013,2189,2357,2520,2680,2840,3007,3184,3364,3558,3773,4014,4291,4638,5089.10000000001,5811,6489,3107
"2020-10-24",1119,1353.95,1662,1891,2091,2272,2446,2612,2780,2949,3119,3299,3487,3691,3913,4160,4449,4801,5269,6003,6703.02499999999,3754
"2020-10-25",1162,1402,1723,1959,2168,2358,2536,2710,2881,3055,3231,3415,3613,3820,4049,4304,4603,4972,5456,6236,6976,2739
"2020-10-26",1213,1460,1786,2031,2246,2441,2626,2808,2984,3164,3345,3535,3740,3958,4195,4458,4770,5157,5658,6455,7205,4363
"2020-10-27",1246,1497,1840,2098,2313,2515,2709,2895,3079,3265,3454,3651,3861,4089,4328,4608,4930,5322,5844,6664,7473,4950
"2020-10-28",1300,1557,1900,2164,2393,2602,2799,2992,3181,3372,3570,3774,3996,4228,4486,4774,5108,5512,6058,6920,7719,5018
"2020-10-29",1335,1606,1971,2237,2474,2693,2893,3092,3287,3488,3692,3904,4131,4371,4632,4928,5268,5685,6255,7135,7972,620
"2020-10-30",1374,1659,2034,2322,2565,2788,2999,3202,3404,3609,3815,4033,4263,4507,4776,5078,5432,5869,6453,7367,8236,11148
"2020-10-31",1425,1711,2094,2384,2635,2864.75,3084,3295,3505,3720,3941,4166.45000000001,4408,4665,4944,5261,5625,6067,6668,7612,8494,4997
"2020-11-01",1468,1767,2163,2467,2726,2961,3186,3406,3624,3842,4066,4298,4539,4802,5091,5413,5790,6254,6857,7828,8752,5158
"2020-11-02",1503.975,1808,2218,2532,2799,3045,3278,3502,3723,3948,4179,4417,4670,4945,5245,5578,5965,6437,7062,8072,9004,5705
"2020-11-03",1563,1873,2293,2613,2890,3139,3380,3616,3845,4077,4311,4559,4818,5099,5404,5749,6147,6633,7278,8318,9293,7549
"2020-11-04",1605,1926,2357,2690,2974,3235,3480,3721,3958,4195,4439,4694,4961,5246,5558,5911,6332,6837,7509,8580,9583,11179
"2020-11-05",1643,1978,2426,2762,3052,3322,3572,3819,4058,4307,4560,4820,5096,5395,5714,6078,6499,7017,7702,8791,9831,8797
"2020-11-06",1679,2026,2484,2837,3137,3410,3667,3917,4161,4415,4675,4945,5233,5540,5871,6248,6678,7209,7905,9014.04999999999,10073,7257
"2020-11-07",1728,2089,2556,2917,3229,3507,3776,4041,4296,4554,4813,5087,5381,5696,6040,6426,6874,7410,8131,9297.04999999999,10406.025,8333
"2020-11-08",1776,2143,2625,2989,3304,3594,3864,4130,4396,4660,4929,5209,5507,5828,6178,6571,7026,7595,8337,9524.04999999999,10655,8868
"2020-11-09",1839,2208,2700,3072,3395,3693,3975,4242,4511,4785,5067,5356,5660,5987,6343,6749,7215,7795,8558,9786,10917,8219
"2020-11-10",1856,2241.95,2756,3140,3468,3773,4063,4343,4620,4900,5186,5485,5799,6131,6503,6924,7413,8004,8773,10032,11207.025,10075
"2020-11-11",1917,2309,2830,3219,3555,3863,4155,4435,4719,5009,5302,5609,5927,6268,6647,7073,7558,8174,8980,10248.05,11433,10674
"2020-11-12",1948.975,2357,2878,3281,3629.8,3949,4255,4549,4847,5145,5446,5760.45000000001,6084,6434,6821,7253,7746,8354,9181.10000000001,10499,11730,7986
"2020-11-13",1999,2413,2951,3359,3710.8,4032,4339,4642,4940,5237,5543,5864,6203,6560,6955,7392,7902,8532,9367,10705.05,11971,8551
"2020-11-14",2043,2462,3015,3432,3795,4122,4425,4734,5040,5344,5654,5975,6318,6689,7092,7535.25,8050,8687,9531,10920,12208.025,8442
"2020-11-15",2072,2492,3060,3492,3859,4198,4516,4824,5135,5445,5763,6102,6453,6830,7242,7699.25,8238,8889,9759,11148,12458.025,9196
"2020-11-16",2122.975,2556,3116,3555,3934,4277,4604,4917,5229,5542,5862,6207,6566,6950,7368.29999999999,7843,8384,9054,9942.10000000001,11363,12710,5789
"2020-11-17",2171,2606,3188,3631.85,4016,4362,4692,5017,5335,5660,5989,6333,6697.39999999999,7089,7512,7989,8548,9228,10133,11561,12939,10976
"2020-11-18",2193,2644,3238,3693,4081,4439,4778,5106,5425,5758,6095,6444,6816,7210,7637,8124,8685,9386,10304,11744,13166,8836
"2020-11-19",2228,2677,3290,3745,4140,4498,4839,5167,5497,5833,6176,6527,6905,7306,7753,8252,8829,9525,10459,11954,13352,8515
"2020-11-20",2250,2723.95,3339,3810,4210,4578.75,4928,5267,5609,5944,6286,6649,7029,7436,7882,8385,8967,9665,10607.1,12130,13575.025,7068
"2020-11-21",2292,2753,3374,3851,4255,4624,4983,5329,5667,6012,6362,6730,7114,7523,7984,8500,9090,9814,10765,12306,13762.025,6430
"2020-11-22",2335,2811,3430,3910,4323,4696,5059,5403,5749,6096,6447,6823,7215,7637,8088,8608,9206,9926.14999999999,10901,12426.05,13876.025,6608
"2020-11-23",2352,2837,3475,3961,4381,4762,5124.7,5477,5829,6182,6543,6912,7311,7728,8195,8707,9312,10047,11046,12607,14114,7795
"2020-11-24",2381,2872,3515,4009,4425,4807,5162,5520,5871,6223,6587,6968,7363,7798,8273,8800,9401,10157,11138,12721,14243,8315
"2020-11-25",2392,2895,3544,4040,4466,4859,5230,5591,5947,6314,6686,7071,7470,7898,8373,8901,9522,10266.15,11275.1,12906,14401.025,5630
"2020-11-26",2405,2913,3565,4064,4495,4882,5257,5620,5970,6336,6709,7093,7503,7933,8411,8950.25,9576,10341,11369,12987,14517,5748
"2020-11-27",2430,2929,3594,4101,4538,4935,5304,5669,6033,6396,6768,7157,7566,8006,8493,9034,9665,10431,11454,13098,14648.05,4918
"2020-11-28",2464.975,2980.95,3644,4149,4577,4970,5352,5723,6081,6450,6829,7222,7629,8065,8551.29999999999,9098,9734,10500,11537,13178,14726,4378
"2020-11-29",2472,2980,3640,4149,4594,4996,5372,5742,6105,6476,6855,7251,7658,8111,8598,9136,9766,10536,11575,13232,14779,10004
"2020-11-30",2476,2978,3656,4171,4612,5016,5406.7,5781,6149,6518,6898,7291,7705,8146,8630,9176,9811,10606,11643,13296,14876,6678
"2020-12-01",2499,3009.95,3676,4178,4623,5032,5415,5789,6157,6528,6909,7298,7716,8164,8658,9206,9846,10624,11688.1,13339,14892.025,7687
"2020-12-02",2502,3007,3686,4186,4622,5032,5420,5788,6162,6536,6921,7319,7735.39999999999,8188,8679,9231,9866,10660,11704,13373.05,14975,7472
"2020-12-03",2500,3010,3687,4209,4647,5044,5429,5803,6171,6538,6920,7321,7740,8189,8687,9245,9885,10684,11748,13427,15004,7010
"2020-12-04",2493,2997,3679,4196,4637,5041,5421,5791,6162,6537,6923,7324,7737,8192,8682,9240,9883,10664,11705,13386,14966,5797
"2020-12-05",2496,3008,3682,4190,4637,5044,5428,5800,6170,6541,6926,7320,7736,8177,8659,9216,9859,10640,11679,13406.05,14932.025,6817
"2020-12-06",2498.975,3001,3681,4190,4635,5035,5423,5799,6165,6542,6922.5,7318,7738,8182,8678,9238,9891,10661,11711,13358,14932,5402
"2020-12-07",2483,2996,3661,4172,4615,5017,5397,5772,6146,6524,6905,7310.45000000001,7731,8174,8669,9216,9850,10638,11686,13330,14878.025,5719
"2020-12-08",2482,2992,3660,4166,4604,4999,5380,5746,6113.60000000001,6485,6867,7258,7676,8111,8594,9137,9773,10551,11586,13227.05,14754,7868
"2020-12-09",2456,2973,3629,4140,4570,4975,5344,5707,6065,6441,6820,7215,7629,8068,8555,9105,9742,10506,11552,13200,14741.025,6072
"2020-12-10",2441,2938,3609,4106,4541,4935,5314,5682,6048.60000000001,6415,6784,7176,7575,8019,8496,9035,9669,10446,11462,13102,14589.025,6355
"2020-12-11",2426,2923,3581,4072,4506,4904,5275,5636,5994,6362,6730,7119,7530,7956,8440,8974,9603.20000000001,10361,11387,13004,14559,5424
"2020-12-12",2402,2897,3549,4050,4478,4867,5241,5599,5956,6315,6681,7062,7464,7895.35000000001,8377,8906,9519,10273,11278,12871,14328,5698
"2020-12-13",2397,2874,3511,4003,4424,4805,5181,5543,5893,6248,6616,6992,7398,7831,8292,8817,9433,10181,11180.1,12766,14275.025,4926
"2020-12-14",2346,2834,3471,3954,4372,4759,5124,5476,5832,6186.55,6550,6925,7315,7741,8206,8725,9333,10065,11044,12617,14090,4251
"2020-12-15",2336,2812,3452,3928,4337,4713,5073,5419,5767,6122,6472,6848,7240,7666,8118,8627,9227,9954.14999999999,10937,12509,13970.025,6310
"2020-12-16",2308,2781,3405,3876,4280,4654,5008,5358,5702,6046,6395,6757,7146,7558,8013,8531,9122,9861,10827,12396.05,13844,5173
"2020-12-17",2265.975,2737,3350,3823,4224,4592,4941,5282,5621,5959,6301,6666,7050,7450,7905,8411,8997,9709,10655,12168.05,13573.025,5181
"2020-12-18",2247,2708,3328,3775,4169,4536,4879,5213,5541,5875,6214,6574,6949,7357,7801.29999999999,8291,8865,9575,10507.1,12034,13472,4536
"2020-12-19",2194,2650,3251,3709,4103,4464,4805,5141,5470,5798,6136,6483,6857,7254,7691,8177,8734.20000000001,9440,10384.1,11861,13259.025,3559
"2020-12-20",2169,2615,3203,3649,4030,4386.75,4722,5050,5374,5695,6030,6371.45000000001,6737,7123,7560,8050,8611,9298,10200,11641,13002,4292
"2020-12-21",2140,2584,3156,3595,3970,4317,4642,4961,5282,5598,5919,6260,6617,7000,7425,7897,8455,9130.14999999999,10017,11451,12791,4417
"2020-12-22",2101,2525,3095,3524,3894,4235,4556.7,4872,5180,5498,5825,6155,6511,6891,7307,7769,8300,8962,9842,11260,12592,4906
"2020-12-23",2066,2487,3041,3469,3830,4161,4478,4788,5091,5399,5718,6048,6395,6764,7164,7616,8150,8785,9661,11061,12345,4040
"2020-12-24",2017,2439,2985,3396,3755,4083,4396,4700,4998,5301,5610,5929,6270,6636,7035,7477,7994,8631,9473,10819,12101,2419
"2020-12-25",1975,2375,2912,3325,3676,3998,4300,4598,4896,5189,5494,5804,6135,6484,6869,7306.25,7816,8449,9274.10000000001,10602,11849.025,2778
"2020-12-26",1938,2330,2859,3263,3602,3918,4216,4510,4796,5084.55,5382,5690,6011,6358,6736,7163,7667,8279,9086,10397,11586,3256
"2020-12-27",1896,2283,2795,3185,3524,3829,4121,4407,4692,4977,5265,5568,5883.39999999999,6219,6594,7011,7498.20000000001,8085,8879,10139,11316,3666
"2020-12-28",1858,2235,2733,3116,3444,3744,4028,4303,4582,4859,5146,5444,5758,6093,6464,6875,7350,7926,8704,9928.04999999999,11073,5173
"2020-12-29",1812,2182,2675,3048,3368,3657,3937,4208,4476,4750,5024,5313,5618,5949,6307,6712.25,7181,7749,8513,9735,10879,5431
"2020-12-30",1764,2128,2605,2965,3276,3562,3834,4102,4360,4629,4902,5182,5481,5797,6149,6542,6997,7561,8297,9479,10597.025,646
"2020-12-31",1737,2084,2558,2911,3213,3498,3761,4022.64999999999,4274,4532,4792,5065,5354,5663,6003.29999999999,6384,6834,7368.14999999999,8097,9235,10304,7774
"2021-01-01",1676.975,2024,2480,2826,3116,3390,3651,3901,4153,4402,4660,4929,5213,5514,5848,6226,6658.20000000001,7185,7894,9009,10028.025,3192
"2021-01-02",1634,1968,2411,2752,3044,3309,3564,3807,4051,4293,4540,4803,5082,5372,5697,6055,6471,6985,7663,8773.04999999999,9798,3572
"2021-01-03",1585,1912,2342,2678,2960,3217,3460,3702,3939,4184,4427,4679,4945,5234,5548,5904,6313,6806,7465,8519,9518,4710
"2021-01-04",1554,1871,2290,2609,2889,3140,3374,3604,3836,4068,4305,4553,4813,5095,5401,5745,6140,6626.14999999999,7272.10000000001,8290,9255,5013
"2021-01-05",1508,1812,2229,2540,2808.8,3050,3280,3503,3728,3959,4189,4428,4680,4954,5252,5589,5973,6445,7079,8084,9043,6310
"2021-01-06",1474.975,1777.95,2169,2469,2730,2965,3192,3410,3625,3844,4069,4300,4543,4810,5097,5428,5802,6265,6877,7862,8784,6442
"2021-01-07",1406,1697,2096,2389,2644,2873,3094,3306,3515,3726,3946,4177,4418,4675,4956,5273,5639,6082,6681,7617,8497,4680
"2021-01-08",1368,1651,2033,2318,2564,2790,3004,3207,3409,3619,3829,4049,4283,4530,4802,5111,5455,5895,6469,7388,8245,3251
"2021-01-09",1349,1618,1979,2255,2492,2709,2911,3109,3309,3509,3715,3928,4150,4392,4660,4953,5298,5715,6270,7161,8003,3554
"2021-01-10",1303.975,1568,1917,2186,2418,2628,2830,3024,3219,3412,3608,3814.45000000001,4031,4261,4519,4806,5132,5538,6082,6950,7753,5049
"2021-01-11",1257,1515,1859,2117,2340,2547,2740,2928,3115,3301,3494.5,3699,3908,4141,4389,4675,4991,5389,5913,6751,7550,3847
"2021-01-12",1216,1469,1800,2050,2266,2464,2653,2833,3017,3198,3387,3583,3788,4009,4248,4518,4836,5219,5732,6534,7296,4604
"2021-01-13",1180,1428,1742,1987,2197,2390,2572,2746,2923,3099,3279,3467,3663,3875,4106,4370,4674,5045,5547,6329,7083,4686
"2021-01-14",1143,1380,1687,1922,2124,2309,2487,2660,2831,3004,3179,3363,3552,3759,3987,4241,4531,4895,5372,6143,6859,3865
"2021-01-15",1110,1341,1638,1863,2059,2237,2408,2573,2738,2903,3071,3248,3434,3630,3849,4094,4384,4731,5196,5933,6637.02499999999,3093
"2021-01-16",1071,1289,1586,1806,1991,2165,2330,2489,2648,2811,2974,3141,3319,3510.35000000001,3720,3960,4231,4568,5014,5740,6413,2576
"2021-01-17",1034,1245,1521,1733,1920,2087,2245,2402,2553,2708,2866,3030,3200,3385,3589,3821,4090,4415,4842,5532,6169,3147
"2021-01-18",1001,1202,1471,1677,1855,2019,2172,2321,2468,2618,2773,2932,3098,3276,3470,3693,3951,4262,4677,5354,5970,3194
"2021-01-19",964,1163,1419,1618,1791,1946,2096,2240,2384,2527,2677,2830,2990,3166,3356,3572,3819,4119,4518,5160,5774,3293
"2021-01-20",935,1124,1376,1569,1735,1887,2030,2171,2309,2445,2588,2735,2892,3059,3243,3445,3685,3980,4367,4988,5573,4565
"2021-01-21",896,1079,1322,1506,1664,1811,1947,2083,2216,2347,2486,2629,2780,2943,3120,3319,3551,3829,4208,4814,5374,3721
"2021-01-22",863,1041,1273,1453,1604,1745,1880,2010,2138,2266,2399,2536,2682,2836,3005,3194,3414,3683,4049,4621,5168.02499999999,2441
"2021-01-23",836,1005,1233,1403,1550,1684,1812,1936,2060,2185,2313,2444,2586,2736,2900,3086,3304,3565,3917,4466,4995,2208
"2021-01-24",802,967,1182,1347,1489,1619,1744,1864,1982,2103,2227,2353.45000000001,2488,2632,2792,2967,3174,3427,3761,4307,4815,2637
"2021-01-25",770,930,1143,1302,1438,1561,1679,1796,1909,2024,2143,2265,2395,2534,2688,2859,3057,3298,3619,4135.04999999999,4634,2437
"2021-01-26",740,892,1095,1249,1379,1499,1614,1727,1836.60000000001,1950,2064,2182,2308,2443,2589,2753,2946,3177.14999999999,3488,3978,4436,2969
"2021-01-27",719,864,1059,1205,1332,1448,1558,1666,1772,1878,1986,2101,2221,2349,2491.29999999999,2649,2833,3056,3351,3825,4267,2837
"2021-01-28",688,827,1015,1157,1277,1389,1494,1598,1700,1803,1909,2019,2135,2258,2393,2544,2719,2936,3223,3692,4127,2362
"2021-01-29",662,795,975,1110,1228,1336,1437,1536,1634,1735,1835,1941,2053,2173,2307,2456,2625,2829,3105,3539,3945,1695
"2021-01-30",640,768,938,1071,1184,1285,1384,1481,1575,1670,1766,1869,1975,2089,2213,2355,2519,2720,2983,3413,3810,1846
"2021-01-31",612,735,901,1025,1131,1230,1322,1415,1506,1598,1690,1787,1887,1998,2119,2253,2411,2601,2854,3261,3645,1460
"2021-02-01",581,702,862,983,1086,1180,1271,1359,1447,1535,1625,1719,1816,1921,2037,2166,2314,2498,2742,3136,3505,2015
"2021-02-02",559,676,830,944,1043.8,1133,1220,1304,1387,1471,1558,1647,1741,1842,1953,2079,2223,2398,2637,3018,3366,2288
"2021-02-03",535,646,792,904,1001,1088.75,1173,1254,1334,1414,1497,1582,1672,1770,1877,1997,2134,2306,2532,2898,3239,2511
"2021-02-04",517,620,761,869,960,1044,1123,1200,1276,1353,1433,1514,1603,1696,1796,1910,2043,2206,2423,2765,3090,2164
"2021-02-05",495,597,732,835,922,1003,1079,1153,1227,1301,1378,1456,1540,1628,1726,1836,1963,2118,2324,2662.04999999999,2973,1439
"2021-02-06",474,571,700,796,881,958,1031,1101,1173,1243,1316,1391,1470,1558,1651,1756,1877,2027,2228,2546,2848,1291
"2021-02-07",454,548,671,766,845,920,991,1058,1126,1193,1263,1335,1411,1493,1583,1682,1801,1943,2134,2435,2723,1384
"2021-02-08",434,523,640,731,808,878,946,1012,1077,1143,1210,1279,1352,1430,1515.29999999999,1613,1726.20000000001,1864,2051,2344,2616,1750
"2021-02-09",419,506,623,709,784,853,918,981,1043,1106,1171,1238,1309,1384,1468,1563,1670,1803,1979,2265,2535,1980
"2021-02-10",416,502,617,703,777,844,909,972,1035,1098,1161,1227,1299,1375,1457,1548,1658,1789,1963,2244,2501.02499999999,1844
"2021-02-11",425,511,627,713,789,858,923,987,1050,1113,1178,1245,1317,1394,1478,1572,1680,1816,1993.10000000001,2276,2546,1422
"2021-02-12",441,530,650,740,816,887,954,1020,1085,1149,1216,1286,1360,1438,1524,1621,1733,1871,2061,2355,2632,1171
"2021-02-13",453,547,670,764,844,918,988,1055,1122,1191,1262,1335,1411,1493,1583,1682,1799,1941,2133,2440,2720,1034
"2021-02-14",469,563,690,785,869,945,1018,1087,1157,1227,1299,1375,1452,1537,1628,1731,1851,1998,2193,2505,2805,1067
"2021-02-15",482,578,707,807,891,970,1044,1116,1187,1259,1333,1408,1490,1578,1673,1778,1903,2055,2257,2577,2880,1305
"2021-02-16",490,591,724,825,912,993,1069,1141,1214,1288,1363,1438,1520,1609,1706,1814,1941,2100,2302,2632,2939,1291
"2021-02-17",501,605,739,842,931,1011,1087,1162,1236,1313,1390,1469,1552,1642,1739,1851,1978,2136,2346,2682,2994,1483
"2021-02-18",511,615,754,857,948,1030,1107,1183,1258,1335,1414,1494,1580,1670.35000000001,1769,1882,2011,2171,2385,2726,3052,1386
"2021-02-19",517,622,762,869,961,1045,1125,1203,1280,1357,1438,1520,1607,1702,1804,1920,2051,2213,2428,2774,3100,1118
"2021-02-20",526,632,775,884,978,1065,1147,1227,1305,1385,1465,1548,1636,1730,1832,1949,2086,2254,2474,2821.04999999999,3147,985
"2021-02-21",533,641,787,896,991,1079,1160,1241,1321,1401,1484,1569,1658,1754,1860,1978,2117,2283,2507,2865,3200,1165
"2021-02-22",543,653,801,913,1010,1098,1182,1263,1345,1426,1508,1596,1687,1784,1893,2012,2153,2326,2549,2912,3243,1491
"2021-02-23",549,659,811,925,1024,1115,1201,1284,1365,1447,1529,1616,1708,1808,1917,2039,2181,2354,2585,2957,3300,1360
"2021-02-24",555,671,822,938,1039,1130,1216,1301,1382,1465,1550,1639,1731,1833,1943,2066,2211,2387,2619,2997,3348,2031
"2021-02-25",569,682,835,953,1055,1146,1232,1318,1402,1488,1576,1664,1759,1861,1973,2100,2245,2424,2661,3036,3395,1369
"2021-02-26",573,692,848,966,1069,1162,1250,1336,1421,1506,1595,1686,1783,1886,1997,2126,2272,2450,2689,3069,3429,951
"2021-02-27",584,702,860,980,1083,1176,1266,1354,1440,1528,1617,1709,1805,1910,2024,2153,2302,2487,2727,3116,3483.02499999999,923
"2021-02-28",589,707,867,987,1091,1188,1280,1367,1454,1542,1633,1727,1827,1932,2048,2179,2333,2517,2763,3152,3518.02499999999,1235
"2021-03-01",594,718,878,1001.85,1108,1203,1295,1383,1473,1561,1651,1747,1846,1952,2069,2200,2356,2542,2791.10000000001,3185,3561,1615
"2021-03-02",600,725,889,1013,1120,1218,1310,1400,1490,1578,1668,1763,1865,1973,2091,2224,2376,2565,2813.10000000001,3219,3595,1385
"2021-03-03",608,734,899,1025,1131,1231,1324,1413,1503,1594,1688,1786,1888,1999,2117,2249,2404,2591,2847,3252,3630.02499999999,1095
"2021-03-04",617,741,909,1036,1145,1244,1338,1429,1519,1611,1704,1802,1904,2016,2136,2271,2428,2620,2880,3292,3678,2087
"2021-03-05",618,749,918,1046,1156,1257,1354,1446,1538,1630,1724,1822,1926,2037,2160,2296,2457,2652,2907,3314,3707,725
"2021-03-06",623.975,752,923,1053,1162,1266,1362,1455,1548,1641,1737,1836,1941,2053,2176,2314,2476,2672,2932.10000000001,3351,3735.02499999999,921
"2021-03-07",627,755,929,1058,1171,1272,1370,1464,1559,1655,1751,1851,1957,2069,2193.29999999999,2335,2495,2693,2956,3377.04999999999,3778,1270
"2021-03-08",635,768,939,1067,1178,1281,1379,1475,1572,1668,1766,1868,1975,2086,2212,2355,2518,2718,2991,3416,3819,1192
"2021-03-09",642,772,948,1078,1192,1296,1394,1489,1586,1681,1779,1881,1988,2104,2230,2370,2533,2735,3006.10000000001,3437,3827,1238
"2021-03-10",643,778,951,1085,1199,1305,1404,1501,1597,1693,1790,1892,2001,2117,2244,2385,2549,2755,3025,3446,3857,1323
"2021-03-11",653,782,960,1092,1210,1314,1414,1511,1607,1705,1806,1907,2017,2135,2261,2405,2573,2780,3052,3487,3895.02499999999,1186
"2021-03-12",650,784,961,1097,1213,1317,1417,1513,1609,1707,1807,1911,2020,2137.35000000001,2267,2412,2580,2782,3054,3488,3903,1190
"2021-03-13",657,790,968,1104,1220,1328,1429,1528,1624,1722,1824,1931,2041,2157,2287,2434,2602,2805,3086,3524,3938,592
"2021-03-14",657,792,970,1107,1225,1331,1435,1532,1631,1728,1829,1932,2042,2161,2290,2436,2602,2809,3086.10000000001,3530,3938,1482
"2021-03-15",664,796,976,1112,1228,1336,1437,1536,1634,1734,1834,1940,2052,2172,2301,2448,2618,2829,3106,3547,3953,1119
"2021-03-16",661.975,800,981,1116,1234,1342,1444,1544,1642,1741,1843,1947,2059,2179,2309,2458,2629,2835,3115,3558,3975,1862
"2021-03-17",666,803,983,1120,1238,1346,1450,1549,1649,1749,1852,1957,2070,2189,2318,2465,2637,2848,3126,3562,3976,1681
"2021-03-18",663,804,985,1122,1240,1350,1451,1550,1649,1750,1852,1959,2072.39999999999,2193,2325,2474,2647,2858,3139,3592,4002,1440
"2021-03-19",667,804,985,1122,1240,1350,1452,1552,1651,1749,1851,1956,2071,2188,2321,2468,2638,2847,3133,3579,4007,1051
"2021-03-20",670,806,988,1123,1243,1351,1454,1557,1657,1755,1857,1963,2074,2194,2325,2472,2645,2856,3136,3576,3992,963
"2021-03-21",673.975,807,987,1126,1244,1352,1455,1556,1655,1757,1860,1965,2080,2200,2330,2476,2649,2857,3138,3599,4022.02499999999,1198
"2021-03-22",671,808,990,1130,1248,1357,1460,1558,1657,1757,1859,1967,2080,2201,2333,2483,2655,2862,3147,3602,4015,2086
"2021-03-23",667,804,987,1124,1244,1352,1456,1555,1654,1755,1857,1964,2077,2196,2326,2477,2652,2863,3142,3592,4011,1632
"2021-03-24",670,806,987,1125.85,1244,1354,1456,1556,1654,1757,1859,1964,2075,2193,2324,2473,2643,2856,3137,3586,4013,2174
"2021-03-25",667,807,989,1124,1241,1349,1454,1554,1654,1754,1856,1962,2075,2195,2327,2473,2646,2853,3132,3578,4001,1849
"2021-03-26",663,801,984,1121,1239,1346,1450,1550,1648,1749,1850,1957,2069,2188,2322,2470,2644,2851,3129,3573,3993,1668
"2021-03-27",664,800,981,1116,1234,1342,1443,1543,1640,1740,1842,1949,2060,2181,2313,2459,2629,2840,3115,3556,3978,1427
"2021-03-28",663,799,980,1118,1235,1340,1442,1540,1637,1736,1837,1943,2053,2173,2301,2450,2620,2827,3104,3541,3965,1738
"2021-03-29",661,792,972,1106,1223,1331,1432,1532,1631,1730,1831,1935,2047,2167,2298,2443,2612,2820,3097,3544,3947,1736
"2021-03-30",654,790,968,1103,1220,1326,1426,1524,1621,1719,1821,1925,2036,2154,2283,2429,2601,2805,3084,3522,3939,2780
"2021-03-31",652,787,967,1101,1216,1323,1424,1522,1618,1716,1815,1921,2028,2145,2274,2421,2591,2795,3066,3506,3920,2441
"2021-04-01",651,781,956,1090,1205,1312,1412,1512,1609,1707,1805,1908,2018,2135,2263,2406,2575,2781,3059,3490,3892,2195
"2021-04-02",644,777,953,1085,1201,1306,1406,1504,1600,1697,1796,1899,2010,2125,2253,2395,2560,2766,3036,3468.04999999999,3873,1651
"2021-04-03",641,772.950000000001,950,1084,1196,1298,1398,1494,1589,1684,1781,1882,1993,2108,2234,2377,2542,2743,3015,3449,3854,1783
"2021-04-04",634,765,940,1069,1183,1287,1384,1479,1575,1671,1768,1869,1976,2094,2219,2362,2524,2722,2992,3418,3817,2288
"2021-04-05",631,758,934,1066,1180,1283,1381,1475,1569,1665,1762,1862,1969,2085,2211,2350,2513,2712,2974,3402,3798,2597
"2021-04-06",624,754,926,1056,1167,1268,1365,1458,1553,1648,1744,1844,1950,2063,2186,2327,2487,2685,2951,3366,3754,2973
"2021-04-07",622,749,917,1047,1158,1259,1353,1446,1538,1633,1729,1829,1934,2045,2166,2306,2465,2663,2925,3338,3734,2862
"2021-04-08",620,742,907,1035,1146,1246,1340,1433,1524,1617,1712,1811,1915,2027,2150,2288,2444,2637,2897,3309,3700,2718
"2021-04-09",610,735,902,1029,1136,1236,1330,1421,1512,1604,1698,1794,1898,2009,2130,2264,2421.20000000001,2615,2871,3272,3653,2097
"2021-04-10",605,728,893,1017,1124,1223,1317,1407,1498,1588,1679,1775,1877,1988,2108,2242,2397,2585,2837,3243,3622.02499999999,2089
"2021-04-11",599,722,884,1008,1116,1213,1305,1395,1484,1573,1665,1759,1859,1967,2083,2217,2371,2561,2813,3212,3589,2224
"2021-04-12",593,712,871,993,1098,1194,1287,1377,1464,1551,1642,1737,1835,1941,2058,2190,2344,2530.14999999999,2777.10000000001,3176,3548,2343
"2021-04-13",581,704,863,984,1087,1184,1274,1361,1448,1536,1626,1719,1818,1924,2040,2171,2322,2506,2749,3134,3511,2886
"2021-04-14",580,698,853,973,1076,1170,1260,1346,1432,1517,1606,1699,1797,1901,2016,2146,2292,2476,2717,3102,3478,2757
"2021-04-15",572,689,846,962,1062,1156,1244,1328,1413,1500,1587,1679,1776,1880,1991,2117,2263,2440,2680,3070,3427,3184
"2021-04-16",564,679,835,951,1052,1142,1228,1311,1395,1480,1565,1656,1753,1855,1967,2090,2234,2413,2655,3037,3388,1799
"2021-04-17",555,670,820,935,1034,1125,1210,1295,1377,1460,1546,1635,1727,1828,1939,2062,2206,2379,2612,2986,3335,1577
"2021-04-18",547,662,812,925,1022,1110,1194,1276,1357,1437,1520,1607,1700,1800,1908,2028.25,2170,2343,2570,2938,3286,1896
"2021-04-19",542,653,799,909,1006,1095,1179,1260,1342,1422,1506,1591,1681,1779,1887,2008,2146,2316,2539,2898,3243,1883
"2021-04-20",530,638,784,894,987,1075,1157,1238,1317,1397,1479,1563,1652,1747,1851,1968,2105,2275,2498,2859,3195,2767
"2021-04-21",523,630,774,882,975,1059,1141,1218,1296,1375,1454,1539,1627,1721,1823,1939,2074,2238,2457,2811,3143,2345
"2021-04-22",513,622,761,868,960,1044,1126,1203,1280,1356,1435,1519,1606,1699,1801,1916,2048,2212,2430,2779,3100,2220
"2021-04-23",508,611,749,853,944,1027,1105,1181,1257,1332,1411,1492,1578,1670,1771,1884,2016,2178,2389,2734,3059,1522
"2021-04-24",503,604,739,841,930,1011,1089,1164,1238,1312,1389,1468,1554,1644,1742,1855,1984,2140,2344,2676,2992,1689
"2021-04-25",491,592,726,826,914,993,1068,1143,1215,1290,1364,1443,1525,1614,1711,1821,1949,2104,2313,2642,2946,1923
"2021-04-26",484,581,713,813,898,977,1052,1124,1195,1268,1342,1419,1500,1587,1683,1791,1916,2070,2273,2597,2903.02499999999,1822
"2021-04-27",473,570,699.900000000001,798,882,959.75,1032,1104,1175,1245,1317,1393,1473,1560,1653,1757,1879,2029,2228,2540,2845,2703
"2021-04-28",466,561,689,786,868,944,1016,1086,1154,1224,1294,1369,1447,1533,1625,1728,1848,1995,2192,2502,2797,2181
"2021-04-29",455,549,674,767,849,923,993,1062,1128.60000000001,1197,1269,1342,1419,1503,1594,1694,1814,1956,2148,2453,2739,2059
"2021-04-30",444,539,661,753,833,905,975,1044,1111,1178,1247,1317,1392,1475,1563,1662,1777,1919,2109,2409,2684,1399
"2021-05-01",438,526,648,739,817,889,956.699999999997,1023,1087,1154,1220,1289,1364,1444,1532,1630,1744,1883,2068,2362,2636,1614
"2021-05-02",428,516,633,721,799,870,937,1002,1066,1131,1196,1263,1335,1413,1498,1593,1703,1838,2023,2309,2577,1616
"2021-05-03",418,505,620,707,781,849,914,978,1040,1103,1169,1236,1307,1384,1466,1560,1670,1804,1979,2255,2520,1657
"2021-05-04",408,493,608,694,767,834,898,960,1022,1085,1149,1215,1284,1359,1440,1531,1638,1770,1947,2227,2491,1507
"2021-05-05",405,487,597,682,754,819,882,942,1003,1063,1124,1189,1257,1331,1411,1499,1602,1730,1902,2174,2430,2397
"2021-05-06",394,477,584,666,736,800,861,920,980,1039,1100,1163,1229,1300,1378,1466,1568,1694,1861,2125,2372,1261
"2021-05-07",387,466,571,651,719,782,842,900,957,1016,1075,1137,1203,1273,1350,1435,1534,1656,1820,2083,2322,1279
"2021-05-08",377,456,559,637,704,766,825,882,938,995,1053,1112,1176,1245,1320,1403,1500,1619,1778,2032,2268,1218
"2021-05-09",370,446,547,623,690,750,808,863,919,974,1031,1091,1155,1221,1294,1377,1472,1588,1742,1991.04999999999,2227,1106
"2021-05-10",360,435,533,607,672,731,787,841,895,949,1004,1062,1123,1187,1259,1339,1432,1547,1697,1941,2173,1154
"2021-05-11",352,424,519,593,656,713,768,821,873,926,980,1036,1095,1160,1230,1309,1399,1510,1659,1896,2125,1661
"2021-05-12",344,416,510,581,643,700,753,805,856,908,961,1017,1074,1136,1204,1281,1370,1479,1623,1854,2065,1395
"2021-05-13",336,406,497,566,626,681,732,782,833,884,935,988,1046,1105,1172,1247,1335,1442,1583,1808,2017,1091
"2021-05-14",326,395,483,551,610,664,713,763,812,863,913,965,1020,1080,1145,1217,1302,1407,1544,1764,1966,1006
"2021-05-15",320,385,473,541,598,650,699,747,795,843,891,942.450000000012,996,1053,1117,1189,1272,1373,1509,1726,1926,852
"2021-05-16",315,378,462,526,581,632,680,727,774,821,869,919,972,1028,1089,1160,1242,1341,1473,1684,1879,1065
"2021-05-17",304,367,450,512,568,618,665,710,756,801,848,896,947,1002,1063,1130,1208,1303,1431,1636,1827,1151
"2021-05-18",294,355,435,498,550,600,646,690,734,779,824,872,922,974,1033,1099,1174,1268,1392,1590,1774,1295
"2021-05-19",288.975,347,426,486,537,583,628,671,715,759,803,849,898,950,1008,1073,1147,1238,1359,1556,1739,1240
"2021-05-20",278,336,414,473,524,571,615,656,698,740,784,829,876,927,983,1046,1119,1207,1324,1511,1684,938
"2021-05-21",272,328,403,460,509,554,596,637,679,720,763,807,854,903,957,1020,1090,1177,1293,1478,1646,732
"2021-05-22",267,321,394,449,496,540,581,621,661,702,742,784,829,878,931,992,1060,1145,1259,1439,1604.02499999999,803
"2021-05-23",258,311,382,436,482,525,564,604,642,681,721,764,807,854,904,962,1030,1112,1222,1395,1557,601
"2021-05-24",250,302,372,424,469,510,550,587,624,662,701,742,785,831,880,935,1001,1082,1187,1357,1514,843
"2021-05-25",245,296,363,414,458,498,536,573,609,646,683,722,764,808,857,911,975,1053,1155,1320,1477,809
"2021-05-26",240,290,354,403,445,484,521,557,592,628,666,704,745,788,835,889,950,1025,1125,1285,1435,775
"2021-05-27",232,279,341,389,431,469,505,540,574,609,645,681,720,762,808,860,921,995,1092,1250,1396,508
"2021-05-28",226,271,332,379,419,456,491,525,559,593,628,664,702,743,788,838,897,967,1061.10000000001,1214,1355,471
"2021-05-29",219,263,323,368,407,443,477,510,543,576,610,645,681,720,763,812,869,937,1029,1175,1314,393
"2021-05-30",213,256,314,358,396,431,464,495,527,559,592,626,662,700,742,789,843,910,999,1142,1276,389
"2021-05-31",204,247,303,346,383,417,449,480,510,541,573,607,641,678,719,765,819,884,971,1108,1238,318
"2021-06-01",200,241,295,337,372,405,436,466,497,527,558,590,624,660,700,744,796,859,943,1078,1205,574
"2021-06-02",194,234,286,327,362,394,424,453,482,512,542,573,605,641,679,722,773,835,917,1048,1164,472
"2021-06-03",187,227,278,318,351,382,411,439,467,496,525,555,587,621,659,701,750,810,889,1015,1134,407
"2021-06-04",182,219,269,308,341,371,399,427,454,481,509,539,570,603,639,680,727,785,862,984,1098,214
"2021-06-05",175,212,260,297,328,357,385,412,438,465,492,521,551,583,618,657,704,760,835,955,1067,263
"2021-06-06",171,206,253,289,319,348,374,400,425,451,478,506,535,567,600,639,684,738,811,924,1031,264
"2021-06-07",166,200,246,280,310,338,363,388,413,439,464,491,519,549,583,620,663,716,787,899,1004,319
"2021-06-08",161,193,238,271,300,326,351,375,399,423,448,474,501,530,562,599,640,692,760,870,969,347
"2021-06-09",156,188,231,263,291,317,341,364,388,411,435,461,487,516,547,582,622,672,737,842,941,346
"2021-06-10",151,181,223,254,281,306,329,352,375,398,421,446,471,499,529,563,603,650,714,817,914,223
"2021-06-11",146,176,216,246,272,296,319,342,364,386,408,432,457,484,512,545,584,631,693,792,883,197
"2021-06-12",141,170,209,239,264,288,310,331,353,374,396,418,442,468,497,528,565,611,672,765,856,164
"2021-06-13",136,165,202,231,255,278,299,320,340,361,383,405,428,453,481,512,548,591,649,742,828,208
"2021-06-14",131,159,195,223,247,269,290,310,330,350,371,392,414,439,465,494,529,571,627,716,799,303
"2021-06-15",128,154,189,216,239,260,280,299,318,338,358,378,400,424,450,479,512,552,606,693,777,186
"2021-06-16",123,149,183,208,231,251,271,289,308,327,346,366,387,410,435,463,495,535,587,671,750,83
"2021-06-17",119,144,177,202,223,243,261,280,298,316,334,354,374,396,420,447,478,516,567,649,725,18
"2021-06-18",115,139,171,195,216,235,253,270,288,305,323,342,361,382,405,431,462,499,548,626,701,0
"2021-06-19",111,134,166,189,209,228,245,262,279,296,313,331,350,371,393,419,448,484,531,608,679,467
"2021-06-20",108,130,160,182,202,220,237,253,269,285,302,320,338,358,379,404,432,466,513,586,655,193
"2021-06-21",103,125,154,176,195,212,228,244,260,275,292,308,326,346,366,390,417,451,496,566,631,220
"2021-06-22",101,121,149,170,188,205,221,236,251,267,282,299,316,334,354,377,404,436,479,547,612,178
"2021-06-23",97,117,144,165,182,198,213,228,243,258,273,289,305,323,343,365,390,421,462,527,589,181
"2021-06-24",94,113,138,158,175,191,205,220,234,248,263,278,294,311,330,351,376,406,447,510,570,0
"2021-06-25",90,109,134,153,169,184,199,213,226,240,254,269,284,301,319,340,363,393,431,492,549,0
"2021-06-26",87,105,130,148,164,178,192,205,218,231,245,260,274,290,308,327,350,378,416,475,531,460
"2021-06-27",84,101,125,142,158,171,185,198,210,223,236,250,264,280,297,315,338,365,401,458,511,209
"2021-06-28",81,98,120,137,152,165,178,191,203,215,228,241,256,271,287,305,327,353,388,442,494,150
"2021-06-29",77,94,116,133,147,160,173,185,197,209,221,233,247,261,277,295,316,341,374,428,479,328
"2021-06-30",74,90,111,127,141,154,166,177,189,200,212,225,238,251,267,284,304,328,360,413,460,238
"2021-07-01",72,88,108,123,136,148,160,171,182,193,205,217,229,243,257,274,293,316,348,398,446,0
"2021-07-02",70,84,104,119,131,143,154,165,176,187,198,209,221,234,248,264,283,306,336,385,428,0
"2021-07-03",66,81,100,114,126,138,148,159,169,180,190,201,213,226,239,255,273,295,324,370,413,1
"2021-07-04",64,78,96,110,122,133,143,153,163,173,183,194,205,217,231,245,263,284,312,356,398,NA
"2021-07-05",62,75,93,106,118,128,138,148,158,167,177,188,198,210,223,237,254,274,301,344,384,NA
"2021-07-06",60,72,89,102,113,123,133,142,152,161,171,180,191,202,214,228,244,264,290,331,370,NA
"2021-07-07",57,70,86,98,109,119,128,137,146,155,164,174,184,194,206,220,235,254,279,320,356,NA
"2021-07-08",55,67,83,95,105,114,123,132,140,149,158,167,177,187,198,211,226,245,269,308,344,NA
"2021-07-09",54,65,80,91,101,110,119,127,135,144,152,161,171,181,192,204,218,236,259,297,331,NA
"2021-07-10",52,63,77,88,97,106,114,122,130,138,146,155,164,174,184,196,210,227,250,286,320,NA
"2021-07-11",49,60,74,84,94,102,110,118,125,133,141,149,158,167,178,189,203,219,241,275,307,NA
"2021-07-12",47,57,71,81,90,98,106,113,121,128,136,144,152,161,171,182,195,210,231,264,295,NA
"2021-07-13",45,55,68,78,87,94,102,109,116,123,130,138,146,155,164,175,187,203,223,255,285,NA
"2021-07-14",44,53,66,75,83,91,98,105,112,118,125,133,141,149,158,169,181,195,214,246,275,NA
"2021-07-15",42,51,63,72,80,87,94,101,107,114,121,128,135,143,152,162,173,187,206,235,263,NA
"2021-07-16",40,49,61,70,77,84,91,97,103,110,116,123,130,138,146,156,167,180,199,227,254,NA
