Metropolitan Statistical Area,Population,Fraction of population that yields herd immunity,Fraction of population with natural immunity,Fraction of population that has been vaccinated,Vaccine Countdown,Progress to Herd Immunity
"New York City-Newark-Jersey City, NY-NJ-PA MSA",19216182,0.981163216611854,0.197724101470462,0.54689120866986,10340841,60.3983072018343
"Los Angeles-Long Beach-Anaheim, CA MSA",13214799,0.90377500362712,0.489285714285714,0.537266968646288,4816753,81.4623812174532
"Chicago-Naperville-Elgin, IL-IN-WI MSA",9458539,0.931048565851879,0.306507597828496,0.517940667158004,4565606,67.6416619531565
"Dallas-Fort Worth-Arlington, TX MSA",7573136,0.930299729172344,0.548214285714286,0.427422404668291,3879487,77.6101793678833
"Houston-The Woodlands-Sugar Land, TX MSA",7066141,0.89866217578575,0.548214285714286,0.443518039054132,2956228,81.0707191211954
"Washington-Arlington-Alexandria, DC-VA-MD-WV MSA",6280487,0.898178296762921,0.226780762156092,0.557656118068551,2557025,68.4554680406788
"Miami-Fort Lauderdale-West Palm Beach, FL MSA",6166488,0.922541688665468,0.498214285714286,0.54250685317153,2448634,80.5615903093355
"Philadelphia-Camden-Wilmington, PA-NJ-DE-MD MSA",6102434,0.915621830194407,0.364293323661627,0.495483277656096,2856847,70.7472372499124
"Atlanta-Sandy Springs-Alpharetta, GA MSA",6020364,0.915357942943991,0.2875,0.402725981352623,3470076,59.6212705367612
"Phoenix-Mesa-Chandler, AZ MSA",4948203,0.926797464692725,0.457142857142857,0.413430491837138,2710878,71.1194417620951
"Boston-Cambridge-Newton, MA-NH MSA",4873019,0.891241679282611,0.103638499416012,0.608040518618951,1794519,66.6665634860013
"San Francisco-Oakland-Berkeley, CA MSA",4731803,0.873182725643803,0.489285714285714,0.65535695378696,851016,90.5326953633834
"Riverside-San Bernardino-Ontario, CA MSA",4650631,0.901843934231585,0.489285714285714,0.403334515251801,2298473,74.8106759552846
"Detroit–Warren–Dearborn, MI MSA",4319629,0.955659396922071,0.435714285714286,0.463246264899138,2421393,70.2109153539689
"Seattle-Tacoma-Bellevue, WA MSA",3979845,0.959035432327784,0.121428571428571,0.603193089178096,1815252,62.3941456087209
"Minneapolis-St. Paul-Bloomington, MN-WI MSA",3654908,0.943786773622395,0.248479787804704,0.526287665790767,1833716,64.0445534035741
"San Diego-Chula Vista-Carlsbad, CA MSA",3338330,0.893042889659138,0.489285714285714,0.566064768911402,1042729,83.9235551477405
"Tampa-St. Petersburg-Clearwater, FL MSA",3194831,0.910327597773548,0.498214285714286,0.446893435051807,1487689,76.8991904443818
"Denver-Aurora-Lakewood, CO MSA",2967239,0.898272516607858,0.2,0.438051670256424,1577893,57.376485760793
"St. Louis, MO-IL MSA",2803228,0.92996993523562,0.442889329602464,0.432709362206713,1510191,70.9538671285032
"Baltimore-Columbia-Towson, MD MSA",2800053,0.912420890731475,0.469642857142857,0.570573842709406,999779,81.3210204180614
"Charlotte-Concord-Gastonia, NC-SC MSA",2636883,0.93209101574136,0.493365170300367,0.39084252126469,1506547,72.0507063944278
"Orlando-Kissimmee-Sanford, FL MSA",2608147,0.963672643209062,0.498214285714286,0.485361062854203,1422249,74.4450736066337
"San Antonio-New Braunfels, TX MSA",2550960,0.855981571926038,0.548214285714286,0.451171323736946,779942,85.4765794725848
"Portland-Vancouver-Hillsboro, OR-WA MSA",2492412,0.89109373364053,0.0957380355139634,0.583672362354217,981064,64.0506670921079
"Sacramento-Roseville-Folsom, CA MSA",2363730,0.932988741101666,0.489285714285714,0.490363112538234,1122673,76.6008832567869
"Pittsburgh, PA MSA",2317600,0.926443510707031,0.435714285714286,0.503633500172592,1072216,74.6389982948188
"Las Vegas-Henderson-Paradise, NV MSA",2266715,0.911268289834195,0.0214285714285714,0.402606856177331,1377607,41.2622918393088
"Austin-Round Rock-Georgetown, TX MSA",2227083,0.963479533932794,0.548214285714286,0.509736278351548,1139281,78.4112864734851
"Cincinnati, OH-KY-IN MSA",2221208,0.969077208629738,0.604432426441571,0.470552059960166,1229883,79.6586734781773
"Kansas City, MO-KS MSA",2157990,0.928340392029147,0.386692628325432,0.424481577764494,1201582,66.8931941733985
"Columbus, OH MSA",2122271,0.961674366318331,0.655357142857143,0.48565616737919,1065158,83.8118709710409
"Indianapolis-Carmel-Anderson, IN MSA",2074537,0.926049190405979,0.632142857142857,0.478825877774173,848314,85.3808234730914
"Cleveland-Elyria, OH MSA",2048449,0.924471631901256,0.655357142857143,0.511695433960035,729076,88.0583106585083
"San Jose-Sunnyvale-Santa Clara, CA MSA",1990660,0.943368957789318,0.489285714285714,0.673010961188751,626846,84.6572689063752
"Nashville-Davidson–Murfreesboro–Franklin, TN MSA",1934317,0.929713565244015,0.482142857142857,0.417995085603859,1049000,72.8136545634255
"Virginia Beach-Norfolk-Newport News, VA-NC MSA",1768901,0.9027410666251,0.0886929461125459,0.416175919398542,1019511,47.6360949907381
"Providence-Warwick, RI-MA MSA",1624578,0.944457399006253,0.16668160461187,0.552981758955249,786412,61.5602662512854
"Milwaukee-Waukesha, WI MSA",1575179,0.955818571720455,0.189285714285714,0.506286587111687,857327,58.4518990077116
"Jacksonville, FL MSA",1559514,0.944184804956511,0.498214285714286,0.414979282007087,892884,72.6152221479559
"Oklahoma City, OK MSA",1408950,0.964568167283934,0.251785714285714,0.414184321657972,907801,55.0188670983308
"Raleigh-Cary, NC MSA",1390785,0.881318248583066,0.496428571428571,0.505524577846324,478041,82.3243513968638
"Memphis, TN-MS-AR MSA",1346045,0.942804141478011,0.47912373047388,0.352656857683064,856686,68.3540972858988
"Richmond, VA MSA",1291900,0.895314652176447,0.0767857142857143,0.479846737363573,652763,53.1083613708919
"New Orleans-Metairie, LA MSA",1270530,0.959066959235434,0.2375,0.452437171888897,761082,57.1373045366517
"Louisville/Jefferson County, KY-IN MSA",1265108,0.900136541595886,0.455751049091687,0.479177271821852,541540,76.7065408328912
"Salt Lake City, UT MSA",1232696,0.89372853795429,0.476785714285714,0.491725453802073,485319,79.2562493056106
"Hartford-East Hartford-Middletown, CT MSA",1204877,0.971417194613715,0.180357142857143,0.608562533769007,558824,64.7796525408478
"Buffalo-Niagara Falls, NY MSA",1127983,0.983031282116775,0.233928571428571,0.549124410562925,606151,62.3103508574668
"Birmingham-Hoover, AL MSA",1090435,0.971785214449967,0.185714285714286,0.331467717012018,808170,44.1077681960515
"Grand Rapids-Kentwood, MI MSA",1077370,0.968614276228312,0.435714285714286,0.461971281918004,632782,69.2050197361753
"Rochester, NY MSA",1069644,0.947983276331016,0.233928571428571,0.560480870270856,508279,65.4399850498809
"Tucson, AZ MSA",1047279,0.926354998151087,0.457142857142857,0.521023528591712,460125,76.8280052730022
"Fresno, CA MSA",999101,0.895437057148947,0.489285714285714,0.413460701170352,469741,75.8657425292311
"Tulsa, OK MSA",998626,0.915413534113004,0.251785714285714,0.388856288540455,595823,56.1100248470362
"Urban Honolulu, HI MSA",974563,0.968137872781927,0.0482142857142857,0.620033799764612,442337,59.8406160623368
"Omaha-Council Bluffs, NE-IA MSA",949442,0.995100469117105,0.42213586657065,0.487892888665132,582766,67.9205877928742
"Worcester, MA-CT MSA",947404,0.925621118375462,0.0989460598194042,0.545408294666267,449055,58.4736143870537
"Bridgeport-Stamford-Norwalk, CT MSA",943332,0.946547763633619,0.180357142857143,0.636429168097764,379429,68.6534084556253
"Greenville-Anderson, SC MSA",920477,0.972808063429161,0.476785714285714,0.363151931009683,635326,66.5898432597625
"Albuquerque, NM MSA",918018,0.873291079027682,0.578571428571429,0.520891747220643,235148,88.8750893740598
"Bakersfield, CA MSA",900202,0.949871715594015,0.489285714285714,0.347701960226705,589048,68.3360106488236
"Albany-Schenectady-Troy, NY MSA",880381,0.943631206451382,0.233928571428571,0.60083304841881,377262,68.6901297412294
"Knoxville, TN MSA",869046,0.918073058906258,0.482142857142857,0.424965997196926,443530,74.0907665192868
"McAllen-Edinburg-Mission, TX MSA",868707,0.996342682559604,0.548214285714286,0.515916183477283,509237,76.0771875279367
"Baton Rouge, LA MSA",854884,0.985263761377481,0.2375,0.357972543643348,625489,49.0385089775099
"New Haven-Milford, CT MSA",854757,0.964539209720942,0.180357142857143,0.608541374917082,388487,65.2399683309102
"Oxnard-Thousand Oaks-Ventura, CA MSA",846006,0.894094084185295,0.489285714285714,0.54688028217294,282416,82.8386344121343
"El Paso, TX MSA",844124,0.902602623391612,0.548214285714286,0.560315782989229,262741,85.978332570899
"Allentown-Bethlehem-Easton, PA-NJ MSA",844052,0.922180954763796,0.397185872857529,0.527119182230479,371852,74.0814771863511
"Columbia, SC MSA",838433,0.907641722816451,0.476785714285714,0.402745359498016,429472,73.4249661036718
"North Port-Sarasota-Bradenton, FL MSA",836995,0.880527284304223,0.498214285714286,0.507728242104194,283602,82.6218561817428
"Dayton-Kettering, OH MSA",807611,0.97801224737249,0.655357142857143,0.446058808015245,479855,81.1559393895959
"Charleston-North Charleston, SC MSA",802122,0.924518052104026,0.476785714285714,0.419048473922919,426543,72.9150335051306
"Greensboro-High Point, NC MSA",771851,0.991323455606156,0.496428571428571,0.414822290830743,522655,69.0422440622357
"Cape Coral-Fort Myers, FL MSA",770577,0.901122187221319,0.498214285714286,0.46266239454331,330965,78.475032337402
"Stockton, CA MSA",762148,0.931005483938506,0.489285714285714,0.407600623500947,421778,72.6780283379718
"Boise City, ID MSA",749202,0.927264533240426,0.266071428571429,0.39672611658805,452720,56.9549657552554
"Colorado Springs, CO MSA",745791,0.931422272989008,0.2,0.392673014289526,464771,51.826608004483
"Little Rock-North Little Rock-Conway, AR MSA",742384,0.91773284366699,0.483928571428571,0.370917207267398,418016,71.502983868285
"Lakeland-Winter Haven, FL MSA",724777,0.900197486055743,0.498214285714286,0.385823501573587,365501,74.7008234663556
"Akron, OH MSA",703479,0.933068119760834,0.655357142857143,0.486949859199777,287285,86.4244032630513
"Des Moines-West Des Moines, IA MSA",699292,0.988772833520025,0.330357142857143,0.512538395977646,405551,64.6511543881627
"Springfield, MA MSA",697382,0.944310919078558,0.0875,0.515487924838897,368088,54.0970614606911
"Ogden-Clearfield, UT MSA",683864,0.896650516258867,0.476785714285714,0.426273352596423,318245,75.5606313639937
"Poughkeepsie-Newburgh-Middletown, NY MSA",679158,0.980236784496065,0.233928571428571,0.515561916372921,385005,60.1273191502518
"Winston-Salem, NC MSA",676008,0.898975638198024,0.496428571428571,0.400919811599863,329409,75.4337635701461
"Deltona-Daytona Beach-Ormond Beach, FL MSA",668365,0.889503515992825,0.498214285714286,0.44786007645523,279763,78.7485470993534
"Madison, WI MSA",664865,0.887200704963944,0.189285714285714,0.659002955487204,197806,75.5322341206006
"Syracuse, NY MSA",648593,0.966216601127948,0.233928571428571,0.570373099925531,318939,64.9109581254564
"Provo-Orem, UT MSA",648252,0.906532451234548,0.476785714285714,0.354440865589308,361842,71.0056639775721
"Durham-Chapel Hill, NC MSA",644367,0.934307452769122,0.496428571428571,0.520681537074369,287054,78.3905640662095
"Toledo, OH MSA",641816,0.948515687228488,0.655357142857143,0.461761626385132,310233,84.1931994612805
"Wichita, KS MSA",640218,0.919739896694874,0.233928571428571,0.3540793917072,410138,51.977050037302
"Augusta-Richmond County, GA-SC MSA",608980,0.961171085462845,0.349084218107092,0.333275312818155,433323,56.6314333717962
"Palm Bay-Melbourne-Titusville, FL MSA",601942,0.946293964762017,0.498214285714286,0.469483770861645,314639,75.0545323692863
"Jackson, MS MSA",594806,0.938245285714711,0.466071428571429,0.3836898081055,356235,69.3260168185202
"Harrisburg-Carlisle, PA MSA",577941,0.887303136518877,0.435714285714286,0.452335099949649,252485,74.9953279551557
"Spokane-Spokane Valley, WA MSA",568521,0.884045811041965,0.121428571428571,0.459212588453197,287248,54.8087575605682
"Chattanooga, TN-GA MSA",565194,0.920533547052555,0.429294969641271,0.366291928081331,333524,67.07361757325
"Scranton–Wilkes-Barre, PA MSA",553885,0.922055756555213,0.435714285714286,0.504404343861993,251038,75.0366373957277
"Modesto, CA MSA",550660,0.883434174568672,0.489285714285714,0.386209276141358,259527,75.4786342459486
"Lansing-East Lansing, MI MSA",550391,0.909333370234727,0.435714285714286,0.457603776224539,261425,73.4726838294584
"Lancaster, PA MSA",545724,0.936709944037437,0.435714285714286,0.446467445082129,294703,70.7215687171085
"Portland-South Portland, ME MSA",538500,0.990727208685057,0.203571428571429,0.674980501392758,227890,69.3821471102526
"Youngstown-Warren-Boardman, OH-PA MSA",536081,0.924250522714788,0.610523992642903,0.428261773873724,250216,82.2982396181379
"Fayetteville-Springdale-Rogers, AR MSA",534904,0.961139965864302,0.483928571428571,0.355295529665136,359536,67.5188504151319
"Fayetteville, NC MSA",526719,0.915448339253078,0.496428571428571,0.379118657196722,287290,72.997080686844
"Lexington-Fayette, KY MSA",517056,0.881611858679821,0.408928571428571,0.526302760242604,187309,78.1412859375656
"Pensacola-Ferry Pass-Brent, FL MSA",502629,0.908411216156805,0.498214285714286,0.359666871589184,275762,72.7250393019154
"Myrtle Beach-Conway-North Myrtle Beach, SC-NC MSA",496901,0.923688711681058,0.48243149253358,0.436267988995796,253926,74.2295752444214
"Santa Rosa-Petaluma, CA MSA",494336,0.869888535170226,0.489285714285714,0.609826110176075,107872,88.4697175341852
"Port St. Lucie, FL MSA",489297,0.963137560660065,0.498214285714286,0.440803847152139,288041,72.3971818946851
"Lafayette, LA MSA",489207,0.930646338504467,0.2375,0.301050475565558,346848,47.7190819415374
"Reno, NV MSA",475642,0.889313198446186,0.0214285714285714,0.500399460098141,230703,51.9656657866059
"Huntsville, AL MSA",471824,0.932498371516569,0.185714285714286,0.393680694496253,295043,50.8554233622486
"Springfield, MO MSA",470300,0.913209875164673,0.494642857142857,0.336189666170529,274702,70.9091238489642
"Visalia, CA MSA",466195,0.876177058537837,0.489285714285714,0.352903827797381,227885,74.3565962658698
"Asheville, NC MSA",462680,0.977561508853095,0.496428571428571,0.474768738653065,271516,72.7934293394555
"Killeen-Temple, TX MSA",460303,0.914605053518821,0.548214285714286,0.269205284345312,290860,71.9080957068475
"York-Hanover, PA MSA",449058,0.896227533349416,0.435714285714286,0.420567053699077,218337,72.4483731892444
"Vallejo, CA MSA",447643,0.996601336737223,0.489285714285714,0.475599975873631,281173,71.0305936745895
"Santa Maria-Santa Barbara, CA MSA",446499,0.968472031899591,0.489285714285714,0.525649553526436,230782,75.4690639326846
"Salinas, CA MSA",434061,0.963047153561871,0.489285714285714,0.520963643358883,221264,75.6705348322205
"Salem, OR MSA",433903,0.904674338675733,0.0892857142857143,0.483624220159805,221805,53.6861532506748
"Mobile, AL MSA",429536,0.89424543873432,0.185714285714286,0.296880820233927,287758,45.0978554579826
"Corpus Christi, TX MSA",429024,0.996500981085822,0.548214285714286,0.425509994778847,290448,72.3762146388048
"Brownsville-Harlingen, TX MSA",423163,0.899596490811036,0.548214285714286,0.541242972566127,136656,85.4035728494508
"Reading, PA MSA",421164,0.892212882696142,0.435714285714286,0.432268664938124,196517,73.4404341771411
"Gulfport-Biloxi, MS MSA",417665,0.982442712754234,0.466071428571429,0.219532400368717,357122,58.1779049273124
"Manchester-Nashua, NH MSA",417025,0.901160225393764,0.266071428571429,0.514038726695042,186593,67.203628057911
"Salisbury, MD-DE MSA",415726,0.987982311094078,0.41430775404267,0.498041979573084,245391,68.5070106498794
"Fort Wayne, IN MSA",413263,0.967659872566007,0.632142857142857,0.417385538990909,246323,79.6072365550206
"Flint, MI MSA",405813,0.98181834778757,0.435714285714286,0.39775709501667,274960,64.9527551585936
"Peoria, IL MSA",400561,0.912923286908043,0.282142857142857,0.412718662076438,225762,60.1133305085631
"Canton-Massillon, OH MSA",397520,0.879774960691108,0.655357142857143,0.42206681424834,119831,89.3720848488849
"Anchorage, AK MSA",396317,0.939812555068008,0.507142857142857,0.417986107080948,220922,73.6901787541716
"Shreveport-Bossier City, LA MSA",394706,0.932821585371719,0.2375,0.319349085141852,273875,48.9539818588809
"Savannah, GA MSA",393353,0.977930625339777,0.2875,0.385788337701759,271771,54.6957787895649
"Beaumont-Port Arthur, TX MSA",392563,0.99723346583998,0.548214285714286,0.29551435056284,317503,67.0226736631777
"Tallahassee, FL MSA",387227,0.881380275325331,0.498214285714286,0.411859193702918,169060,77.6296972597162
"Naples-Marco Island, FL MSA",384902,0.922707275657745,0.498214285714286,0.539820525744215,154015,80.4156540840475
"Eugene-Springfield, OR MSA",382067,0.961782654559104,0.0892857142857143,0.5548529446406,194714,56.5685983778187
"Davenport-Moline-Rock Island, IA-IL MSA",379172,0.966643690896912,0.304133729924301,0.436392982604201,235640,59.7363616754498
"Montgomery, AL MSA",373290,0.957058317735964,0.185714285714286,0.322023091966032,272686,44.0632719042809
"Hickory-Lenoir-Morganton, NC MSA",369711,0.966322440021799,0.496428571428571,0.370846417877748,246212,68.766018286996
"Ann Arbor, MI MSA",367601,0.917472057200792,0.435714285714286,0.563064300695591,141727,78.6585822474224
"Trenton-Princeton, NJ MSA",367430,0.954307464383002,0.126785714285714,0.521791905941268,195171,56.2563184420877
"Ocala, FL MSA",365579,0.951966691867163,0.498214285714286,0.418199623063688,214431,72.1743973292173
"Fort Collins, CO MSA",356899,0.944147976938815,0.2,0.440533596339581,211643,54.7778740194254
"Huntington-Ashland, WV-KY-OH MSA",355873,0.901578481855642,0.494394218081812,0.374850016719448,185044,73.7559661958767
"Lincoln, NE MSA",336374,0.981407567755147,0.435714285714286,0.524050610332547,185158,71.5153575792909
"Rockford, IL MSA",336116,0.939758286927888,0.282142857142857,0.429042354425258,197914,59.5190137468778
"Gainesville, FL MSA",329128,0.928493355781548,0.498214285714286,0.427617826499113,172844,74.4571349131964
"Boulder, CO MSA",326196,0.980035636536905,0.2,0.499117095243351,190586,57.0759151730243
"Greeley, CO MSA",324492,0.983650871588485,0.2,0.340932904355115,242549,45.2875816006035
"South Bend-Mishawaka, IN-MI MSA",323613,0.923021480040739,0.600708871398862,0.456743085104739,142442,82.8631839753196
"Green Bay, WI MSA",322906,0.870835373895349,0.189285714285714,0.483707332784154,145431,62.2642730018975
"Lubbock, TX MSA",322257,0.915226625919028,0.548214285714286,0.350161517050056,178035,75.4558969487006
"Columbus, GA-AL MSA",321048,0.895835398670653,0.26912392606179,0.297214123744736,210461,51.8653258673016
"Spartanburg, SC MSA",319785,0.887883038847232,0.476785714285714,0.307025032443673,180996,69.9823717585853
"Evansville, IN-KY MSA",315086,0.948730963240374,0.684440109775018,0.498930450734085,136010,87.0782483361301
"Roanoke, VA MSA",313222,0.925844068751355,0.0767857142857143,0.46410852366692,174701,49.944713926105
"Clarksville, TN-KY MSA",307820,0.89045027828308,0.461899161847833,0.353255149113118,163653,71.085088064177
"Kingsport-Bristol, TN-VA MSA",307202,0.892324314036566,0.360657901222741,0.392484423929532,163278,65.726835613038
"Kennewick-Richland, WA MSA",299612,0.938496330550904,0.121428571428571,0.399520045926064,189897,46.5995193518572
"Wilmington, NC MSA",297533,0.942339906275554,0.496428571428571,0.443762540625746,160705,74.0229814804269
"Olympia-Lacey-Tumwater, WA MSA",290536,0.878151094860287,0.121428571428571,0.513509513451001,128854,60.0657315867026
"Utica-Rome, NY MSA",289990,0.902461470146258,0.233928571428571,0.48792716990241,139693,63.197925670278
"Duluth, MN-WI MSA",288732,0.956922787069799,0.233165932669148,0.482790269176953,163395,59.1859618690933
"Hagerstown-Martinsburg, MD-WV MSA",288104,0.982062687056234,0.480686209295453,0.393062921722711,195816,67.6532073085587
"Longview, TX MSA",286657,0.866762452168169,0.548214285714286,0.219167855660249,161750,73.5298927308369
"Crestview-Fort Walton Beach-Destin, FL MSA",284809,0.913651832277978,0.498214285714286,0.37608362095299,154887,73.1193559348085
"San Luis Obispo-Paso Robles, CA MSA",283111,0.964389926187838,0.489285714285714,0.500309066055363,150992,74.5807461619819
"Merced, CA MSA",277680,0.996502775528962,0.489285714285714,0.319111927398444,217810,63.8195144018458
"Laredo, TX MSA",276652,0.931980984753806,0.548214285714286,0.575477495192516,101905,83.9295606465328
"Waco, TX MSA",273920,0.995864784545856,0.548214285714286,0.321663259345794,213460,68.1824355169504
"Santa Cruz-Watsonville, CA MSA",273213,0.902172381046571,0.489285714285714,0.56952268010673,89820,83.2504698610208
"Cedar Rapids, IA MSA",273032,0.947154926272649,0.330357142857143,0.52697852266401,135547,68.4107518312486
"Bremerton-Silverdale-Port Orchard, WA MSA",271473,0.883274781390649,0.121428571428571,0.516051320020776,121468,59.9448476834231
"Erie, PA MSA",269728,0.98159637216778,0.435714285714286,0.461598350931309,165418,68.2704545745086
"Sioux Falls, SD MSA",268232,0.887078023313129,0.610714285714286,0.469414536669749,85671,87.3854386226722
"Norwich-New London, CT MSA",265206,0.955985325044341,0.180357142857143,0.62854535719403,112156,67.3673085933851
"Kalamazoo-Portage, MI MSA",265066,0.991946508907205,0.435714285714286,0.618140387677031,126467,75.5727541911917
"Amarillo, TX MSA",265053,0.913918462840654,0.548214285714286,0.310368115056234,156126,73.7934734478435
"College Station-Bryan, TX MSA",264728,0.993615525849862,0.548214285714286,0.381319694176664,189040,70.778040276404
"Atlantic City-Hammonton, NJ MSA",263670,0.950343501013882,0.126785714285714,0.50247278795464,143820,54.8933610522269
"Lynchburg, VA MSA",263566,0.873760247638484,0.0767857142857143,0.381251754778689,152322,45.0426847831768
"Charleston, WV MSA",257074,0.965143525659718,0.492857142857143,0.46768634712184,145776,73.1831624387481
"Tuscaloosa, AL MSA",252047,0.871581875478777,0.185714285714286,0.298733966284066,160592,46.4263447994865
"Yakima, WA MSA",250873,0.915653411945965,0.121428571428571,0.449338908531408,139260,52.0641608835892
"Fort Smith, AR-OK MSA",250368,0.930924571341597,0.495520814789202,0.322033966002045,159470,68.9351558704044
"Fargo, ND-MN MSA",246145,0.930423350983803,0.238587700919609,0.475995856101079,131339,60.7007433287684
"Binghamton, NY MSA",238691,0.909224148845146,0.233928571428571,0.512503613458404,111456,64.5914992418094
"Appleton, WI MSA",237974,0.975812679155774,0.189285714285714,0.486061502517082,140857,55.7419502070844
"Prescott Valley-Prescott, AZ MSA",235099,0.921622269819475,0.457142857142857,0.353948762010898,140293,68.3655473693172
"Lafayette-West Lafayette, IN MSA",233002,0.990203349225954,0.632142857142857,0.436923288212118,150193,78.4480960354854
"Tyler, TX MSA",232751,0.949583549168656,0.548214285714286,0.325944893899489,153889,71.6888796512548
"Topeka, KS MSA",231969,0.96715676657549,0.233928571428571,0.445645754389595,143318,55.9563270261374
"Macon-Bibb County, GA MSA",229996,0.935925872971009,0.2875,0.335297135602358,155453,53.6911418646697
"Bellingham, WA MSA",229247,0.923400935979143,0.121428571428571,0.621975423887772,89925,66.4103100360819
"Champaign-Urbana, IL MSA",226033,0.956553182810817,0.282142857142857,0.507713475465972,121188,63.7875696309086
"Daphne-Fairhope-Foley, AL MSA",223234,0.895568980169813,0.185714285714286,0.311677432649148,146651,46.2420346917403
"Hilton Head Island-Bluffton-Beaufort, SC MSA",222195,0.896035094612205,0.476785714285714,0.43798015256869,100510,76.2277553421338
"Rochester, MN MSA",221921,0.9302821190824,0.251785714285714,0.583203031709482,94178,69.2811843721841
"Medford, OR MSA",220944,0.857672370069656,0.0892857142857143,0.439980266492867,109917,52.4573733165572
"Burlington-South Burlington, VT MSA",220411,0.980736271801427,0.282142857142857,0.602420024408945,105550,68.4535937148157
"Chico, CA MSA",219186,0.997561628314821,0.489285714285714,0.392424698657761,156364,67.1297797532017
"Charlottesville, VA MSA",218615,0.98553024556506,0.0767857142857143,0.607748782105528,106236,59.0301351878767
"Las Cruces, NM MSA",218195,0.997688699464108,0.578571428571429,0.518769907651413,127917,77.7129623660553
"Yuma, AZ MSA",213787,0.976877082278564,0.457142857142857,0.484828357196649,123774,71.0443670775418
"Athens-Clarke County, GA MSA",213750,0.969748146010336,0.2875,0.392004678362573,143626,55.5683454737181
"Barnstable Town, MA MSA",212990,0.945981062544432,0.0875,0.0441523076200761,213242,13.0827230621411
"Lake Havasu City-Kingman, AZ MSA",212181,0.995532739156626,0.457142857142857,0.305196978051758,169060,60.8973825631169
"Lake Charles, LA MSA",210409,0.923914150434129,0.2375,0.272089121663047,153210,45.9156469832108
"Columbia, MO MSA",208173,0.995389039504689,0.494642857142857,0.519169152579825,121116,73.4157283018776
"Houma-Thibodaux, LA MSA",208075,0.897006999926271,0.2375,0.292865553286075,139029,48.8824486295658
"Springfield, IL MSA",206868,0.991901937122925,0.282142857142857,0.494527911518456,124959,60.6555133011571
"Elkhart-Goshen, IN MSA",206341,0.967629377697801,0.632142857142857,0.334412453172176,140090,76.7708466555721
"Florence, SC MSA",204911,0.924689642404909,0.476785714285714,0.376753810190766,117707,70.7476716949575
"Gainesville, GA MSA",204441,0.941861592752099,0.2875,0.343874271794797,138320,53.9367334540122
"Johnson City, TN MSA",203649,0.991385533983992,0.482142857142857,0.404711046948426,140094,67.6595622953259
"St. Cloud, MN MSA",201964,0.973160509737834,0.251785714285714,0.407968746905389,133960,54.1029921704452
"Monroe, LA MSA",200261,0.95615124540042,0.2375,0.268549542846585,155937,44.1135359920835
"Jacksonville, NC MSA",197938,0.854028581242044,0.496428571428571,0.366235892047005,83688,77.5632015362086
"Bend, OR MSA",197692,0.943376563576655,0.0892857142857143,0.555121097464743,96258,57.6955987340222
"Racine, WI MSA",196311,0.890768367549612,0.189285714285714,0.461308841582998,98175,59.0362696567473
"Saginaw, MI MSA",190539,0.963583822979677,0.435714285714286,0.429434394008576,116224,67.8514514781201
"Punta Gorda, FL MSA",188910,0.896742209381555,0.498214285714286,0.520025408924885,68469,81.7471807597338
"Terre Haute, IN MSA",186367,0.914237908656885,0.632142857142857,0.363304662306095,91090,82.3005307015311
"Warner Robins, GA MSA",185409,0.913695451622923,0.2875,0.343591735029044,117352,55.5795915570512
"Midland, TX MSA",182603,0.939682194075698,0.548214285714286,0.292355547280165,122420,70.9908247381956
"Billings, MT MSA",181667,0.88397296429772,0.260714285714286,0.392019464184469,98956,59.0003605780862
"El Centro, CA MSA",181215,0.994390216674311,0.489285714285714,0.559076235410976,97826,75.0471092713001
"Dover, DE MSA",180786,0.889451656503728,0.371428571428571,0.400102884072882,93213,67.2068554072766
"Greenville, NC MSA",180742,0.964338072581357,0.496428571428571,0.387795863717343,116512,69.7041023182741
"Redding, CA MSA",180080,0.861409997413164,0.489285714285714,0.319108174144825,88327,73.8279691548845
"Joplin, MO MSA",179564,0.940477275174801,0.494642857142857,0.272571339466708,127072,65.776617838188
"Bowling Green, KY MSA",179240,0.862082925588982,0.408928571428571,0.339661905824593,91805,68.3944150897169
"Jackson, TN MSA",178644,0.896663223462628,0.482142857142857,0.235647432883276,116788,66.0193679562267
"Kingston, NY MSA",177573,0.911772629229388,0.233928571428571,0.572181581659374,72977,68.9236896107922
"St. George, UT MSA",177556,0.852340155262625,0.476785714285714,0.362336389646084,77273,75.9564509610023
"Yuba City, CA MSA",175639,0.905765654394009,0.489285714285714,0.365750203542493,94906,72.579499968167
"Panama City, FL MSA",174705,0.92748613935182,0.498214285714286,0.337534701353711,107096,70.1517079557095
"Muskegon, MI MSA",173566,0.98992217608668,0.435714285714286,0.432763329223465,114294,66.2169460854328
"Iowa City, IA MSA",173105,0.987490871660641,0.330357142857143,0.586563068657751,87209,69.2529070145745
"Abilene, TX MSA",172060,0.996543137570994,0.548214285714286,0.317511333255841,135084,67.966617421612
"Oshkosh-Neenah, WI MSA",171907,0.990228654599941,0.189285714285714,0.478014275160407,106532,54.3374919791841
"Bloomington, IL MSA",171517,0.996805798384684,0.282142857142857,0.485998472454625,106370,59.8042853975345
"East Stroudsburg, PA MSA",170271,0.897918302532263,0.435714285714286,0.419484233956458,83539,72.2507101609859
"Burlington, NC MSA",169509,0.994194575250588,0.496428571428571,0.426879988673168,113813,69.3925211176005
"Eau Claire, WI MSA",169304,0.996930894106903,0.189285714285714,0.481742900344942,105843,54.2450819508553
"Bloomington, IN MSA",169230,0.967783424012792,0.632142857142857,0.550085682207646,78475,84.1366456155864
"Hattiesburg, MS MSA",168849,0.865713129902123,0.466071428571429,0.316448424331799,86993,71.4019664068379
"Waterloo-Cedar Falls, IA MSA",168522,0.877391935708644,0.330357142857143,0.479818658691447,72103,70.6108115892014
"Pueblo, CO MSA",168424,0.906054751263486,0.2,0.307610554315299,113353,46.5181158775743
"Blacksburg-Christiansburg, VA MSA",167531,0.93630224335845,0.0767857142857143,0.415917054157141,103624,45.1102437001301
"Kahului-Wailuku-Lahaina, HI MSA",167417,0.9562173384413,0.0482142857142857,0.52808854536875,89051,52.3498880028857
"Odessa, TX MSA",166223,0.997071757663809,0.548214285714286,0.285086901331344,136108,66.6083108889492
"Coeur d'Alene, ID MSA",165697,0.919481030924998,0.266071428571429,0.32713929642661,109704,52.438125550285
"Auburn-Opelika, AL MSA",164542,0.9459581940925,0.185714285714286,0.285951307265014,123640,41.7857518673957
"Janesville-Beloit, WI MSA",163354,0.9956978587054,0.189285714285714,0.542049781456224,91996,58.7315178423135
"Wausau-Weston, WI MSA",163285,0.86913541472936,0.189285714285714,0.387873962703249,88808,54.3408049700636
"State College, PA MSA",162385,0.955489209468706,0.435714285714286,0.474348000123164,89169,70.8134952306853
"Sebastian-Vero Beach, FL MSA",159923,0.951772917360122,0.498214285714286,0.506793894561758,79567,76.3928049635455
"Jackson, MI MSA",158510,0.945714951319192,0.435714285714286,0.41733013689988,93029,68.4834659497569
"Madera, CA MSA",157327,0.856137631307397,0.489285714285714,0.369504280892663,67434,76.9882894500493
"Chambersburg-Waynesboro, PA MSA",155027,0.976893124043359,0.435714285714286,0.318215536648455,115867,61.1451042358663
"Grand Junction, CO MSA",154210,0.893022267150119,0.2,0.29610271707412,102770,46.2691661219135
"Elizabethtown-Fort Knox, KY MSA",153928,0.995258389434138,0.408928571428571,0.41818902343953,105289,63.4398266097629
"Niles, MI MSA",153401,0.997743508566235,0.435714285714286,0.44304144040782,101801,66.2210317716393
"Hanford-Corcoran, CA MSA",152940,0.996119113090881,0.489285714285714,0.283222178632143,125327,62.188021245397
"Decatur, AL MSA",152603,0.994985574358436,0.185714285714286,0.307018865946279,121663,41.2785134980217
"Bangor, ME MSA",152148,0.991300278065164,0.203571428571429,0.558988616347241,82158,60.9549393445997
"Alexandria, LA MSA",152037,0.983498176684837,0.2375,0.310135032919618,118123,45.7886122228569
"Idaho Falls, ID MSA",151530,0.994355630772741,0.266071428571429,0.329545304560153,117136,48.649382246937
"Wichita Falls, TX MSA",151254,0.913313485303595,0.548214285714286,0.333049043331085,85439,74.8521090135
"Jefferson City, MO MSA",151235,0.916532761049848,0.494642857142857,0.352643237345852,86953,71.4685372924629
"Monroe, MI MSA",150500,0.923131137672687,0.435714285714286,0.359375415282392,90357,66.9705128668191
"Santa Fe, NM MSA",150358,0.8843185827847,0.578571428571429,0.605800822038069,30119,91.4085762539962
"Homosassa Springs, FL MSA",149657,0.868354600467127,0.498214285714286,0.441877092284357,56530,80.3553221782305
"Vineland-Bridgeton, NJ MSA",149527,0.979063566154706,0.126785714285714,0.351046968106095,109667,41.1281793094855
"Dothan, AL MSA",149358,0.979717533764472,0.185714285714286,0.279563197150471,120065,39.8680393240659
"Texarkana, TX-AR MSA",148761,0.903515296692524,0.484344278982491,0.178400252754418,107824,62.7701690193852
"Florence-Muscle Shoals, AL MSA",147970,0.9949136681482,0.185714285714286,0.33400689328918,113962,43.2694450791945
"Valdosta, GA MSA",147292,0.9131136956583,0.2875,0.264773375336067,104702,50.0798453805446
"Albany, GA MSA",146726,0.945928703055705,0.2875,0.356514864441203,98347,54.5617397120603
"Rocky Mount, NC MSA",145770,0.928891828239081,0.496428571428571,0.389003224257392,82391,72.4228989209915
"Dalton, GA MSA",144724,0.914924932640528,0.2875,0.313237610900749,96271,53.3774521348608
"Sioux City, IA-NE-SD MSA",144701,0.891957064227649,0.465649264937452,0.501551475110746,55696,79.2474495402914
"Flagstaff, AZ MSA",143476,0.980024806362692,0.457142857142857,0.566150436309905,72323,74.8703277542932
"Morristown, TN MSA",142749,0.894343880531822,0.482142857142857,0.336583793932007,78203,71.4506981849922
"Logan, UT-ID MSA",142165,0.874380765596827,0.456218968401907,0.37351668835508,68370,73.0824778684693
"Rapid City, SD MSA",142107,0.970186851951883,0.610714285714286,0.31519207357836,101014,74.3304321856739
"Lebanon, PA MSA",141793,0.914539993052307,0.435714285714286,0.393778254215652,77853,69.5100695047638
"Winchester, VA-WV MSA",140566,0.996791716474959,0.130045151642035,0.323691362064795,110109,38.4716614437821
"Sumter, SC MSA",140466,0.929733125578602,0.476785714285714,0.243866843221847,100858,63.6334075420487
"Morgantown, WV MSA",139044,0.96190698631146,0.492857142857143,0.444967060786514,81019,72.3513637647452
"Wheeling, WV-OH MSA",138948,0.899393233454774,0.571220811279862,0.400718254310965,62484,80.7053541732352
"Napa, CA MSA",137744,0.853227458368194,0.489285714285714,0.621457195957719,23463,90.8238556820215
"La Crosse-Onalaska, WI-MN MSA",136616,0.986001799881903,0.19779496649629,0.527156409205364,77129,58.6605155267487
"Sherman-Denison, TX MSA",136212,0.988719306093949,0.548214285714286,0.313034093912431,104929,68.320319032256
"Carbondale-Marion, IL MSA",135764,0.88103256494548,0.282142857142857,0.372219439615804,75316,59.3193966978777
"Harrisonburg, VA MSA",134964,0.872981921950581,0.0767857142857143,0.260521324204973,94168,33.5918779447103
"Hammond, LA MSA",134758,0.918351337447494,0.2375,0.294134671039938,94061,47.8411583982995
"Battle Creek, MI MSA",134159,0.953538824326393,0.435714285714286,0.400159512220574,83108,67.0070411374281
"Springfield, OH MSA",134083,0.897488698843146,0.655357142857143,0.417107314126325,48741,87.4367437380293
"Jonesboro, AR MSA",133860,0.987285757834836,0.483928571428571,0.275429553264605,108201,61.9735225890475
"The Villages, FL MSA",132420,0.949554132162884,0.498214285714286,0.680055882797161,42289,84.8116344976696
"Manhattan, KS MSA",130285,0.889247046831625,0.233928571428571,0.331672871013547,80621,52.0221205323075
"Johnstown, PA MSA",130192,0.903646470452852,0.435714285714286,0.420087255745361,65266,71.8266070184011
"Albany-Lebanon, OR MSA",129749,0.99423651452222,0.0892857142857143,0.432357860176186,87156,44.6236624413154
"Mount Vernon-Anacortes, WA MSA",129205,0.932634776716449,0.121428571428571,0.530993382609032,63947,58.0390779103292
"Bismarck, ND MSA",128949,0.997148514645025,0.233928571428571,0.423461988848304,88139,52.7394346351938
"Lawton, OK MSA",126415,0.994727007556562,0.251785714285714,0.373033263457659,92315,50.5649937675178
"Sierra Vista-Douglas, AZ MSA",125922,0.83396409957911,0.457142857142857,0.465693048077381,38480,82.0979194743932
"St. Joseph, MO-KS MSA",125223,0.988899967086078,0.478819657160198,0.27107639970293,102229,61.2773181483086
"Glens Falls, NY MSA",125148,0.982151079259997,0.233928571428571,0.58780004474702,62252,65.0812001249852
"Pittsfield, MA MSA",124944,0.885607231833409,0.0875,0.45825329747727,64168,52.3754215051917
"Cleveland, TN MSA",124942,0.91719763536902,0.482142857142857,0.291831409774135,80166,67.3962857470295
"New Bern, NC MSA",124284,0.867648163443703,0.496428571428571,0.422628817868752,49273,79.2913554395911
"Farmington, NM MSA",123958,0.992556113030867,0.578571428571429,0.481711547459623,75587,76.6987102225075
"Ames, IA MSA",123351,0.988870593821986,0.330357142857143,0.515642353933085,71174,64.8339372309228
"Goldsboro, NC MSA",123131,0.89807545112023,0.496428571428571,0.348612453403286,66196,72.8696809018149
"Staunton, VA MSA",123120,0.995062911808201,0.0767857142857143,0.281513970110461,101409,31.2235193925418
"Lawrence, KS MSA",122259,0.935397089635893,0.233928571428571,0.47921216433964,65800,60.3303399458154
"San Angelo, TX MSA",122027,0.921277430204437,0.548214285714286,0.329222221311677,71787,74.036155681742
"Altoona, PA MSA",121829,0.989458464182151,0.435714285714286,0.387822275484491,85589,63.9412993451057
"Mansfield, OH MSA",121154,0.880411662050886,0.655357142857143,0.341185598494478,46570,86.4579193120874
"Wenatchee, WA MSA",120629,0.88609287634171,0.121428571428571,0.510034900397085,55130,59.2173199215585
"Missoula, MT MSA",119600,0.863979534264391,0.260714285714286,0.536613712374582,44260,71.50100525515
"Owensboro, KY MSA",119440,0.945757064214039,0.408928571428571,0.405768586738111,72068,66.0616760348732
"Brunswick, GA MSA",118779,0.962268200280079,0.2875,0.34622281716465,83864,52.9494148677606
"Weirton-Steubenville, WV-OH MSA",116074,0.992073405513693,0.584310116822027,0.413124386167445,78559,74.4772088191365
"Beckley, WV MSA",115767,0.993156903058264,0.492857142857143,0.419523698463293,78328,68.9055015496406
"Sheboygan, WI MSA",115340,0.993365655887346,0.189285714285714,0.484289925437836,71249,54.62685325908
"Muncie, IN MSA",114135,0.994577466838768,0.632142857142857,0.391641477198055,80248,76.5957590923522
"Anniston-Oxford, AL MSA",113605,0.895948290374101,0.185714285714286,0.303102856388363,75665,45.5210845782858
"California-Lexington Park, MD MSA",113510,0.938241002215073,0.469642857142857,0.516227645141397,52839,76.3182777665128
"Williamsport, PA MSA",113299,0.997505839640331,0.435714285714286,0.392792522440622,80829,63.6785017845772
"Twin Falls, ID MSA",111290,0.936960627735262,0.266071428571429,0.311555395812741,78362,50.3612297588978
"Longview, WA MSA",110593,0.995793995745874,0.121428571428571,0.466530431401626,70698,49.2391850476085
"Michigan City-La Porte, IN MSA",109888,0.867473557146361,0.632142857142857,0.458239298194525,27756,90.3604253716099
"Kankakee, IL MSA",109862,0.937650658346469,0.282142857142857,0.361708324989532,71729,55.0132681935812
"Watertown-Fort Drum, NY MSA",109834,0.895770931495777,0.233928571428571,0.5428555820602,45810,67.8977276639377
"Lewiston-Auburn, ME MSA",108277,0.979011445546306,0.203571428571429,0.534665718481303,59246,59.9392560900738
"Sebring-Avon Park, FL MSA",106221,0.975266448350573,0.498214285714286,0.373532540646388,72529,68.3817484224621
"Decatur, IL MSA",104009,0.910274190299824,0.282142857142857,0.387081887144382,60861,58.4686911499764
"Fond du Lac, WI MSA",103403,0.992981071805752,0.189285714285714,0.429678055762405,69468,50.6351281832028
"Bay City, MI MSA",103126,0.88962864885104,0.435714285714286,0.47070573861102,43631,75.84800221117
"Gettysburg, PA MSA",103009,0.854258244932403,0.435714285714286,0.383383976157423,45402,73.7971895738262
"Lima, OH MSA",102351,0.955341079062322,0.655357142857143,0.330109134253696,65201,79.3172134165126
"Gadsden, AL MSA",102268,0.910273285271878,0.185714285714286,0.267023897993507,73803,41.9000164943287
"Ithaca, NY MSA",102180,0.950024429797504,0.233928571428571,0.666647093364651,38009,73.0042209153048
"Mankato, MN MSA",101927,0.996526137361655,0.251785714285714,0.492460290207698,62532,58.5438689729369
"Grand Forks, ND-MN MSA",100815,0.886760092245747,0.239484008898902,0.436621534493875,51320,60.7081787671649
"Victoria, TX MSA",99742,0.98619806522073,0.548214285714286,0.429959294981051,64554,73.3157802362523
"Cheyenne, WY MSA",99500,0.949894873934356,0.510714285714286,0.391105527638191,60320,71.8964189786617
"Hot Springs, AR MSA",99386,0.958177414236864,0.483928571428571,0.30906767552774,70763,65.4867730398019
"Rome, GA MSA",98498,0.885080896327024,0.2875,0.324209628621901,59857,55.9722197608874
"Dubuque, IA MSA",97311,0.993935799770401,0.330357142857143,0.535581794452837,55027,65.7125755780207
"Cumberland, MD-WV MSA",97284,0.86477258873332,0.476054203598301,0.408289132848156,40476,77.313209240671
"Fairbanks, AK MSA",96849,0.969679393875819,0.507142857142857,0.409544755237535,61326,71.0343247095666
"Cape Girardeau, MO-IL MSA",96765,0.997094146030011,0.481991459426741,0.321800237689247,75775,63.3859105759006
"Pocatello, ID MSA",95489,0.982474215704171,0.266071428571429,0.36243965273487,68957,51.4492650693974
"Corvallis, OR MSA",93053,0.971513363652467,0.0892857142857143,0.633305750486282,41228,62.6208832343885
"Ocean City, NJ MSA",92039,0.916411209695453,0.126785714285714,0.591249361683634,38059,64.5391891943037
"Parkersburg-Vienna, WV MSA",89339,0.902966668802623,0.973496237445493,0.711089221952339,0,100
"Pine Bluff, AR MSA",87804,0.845348671811221,0.483928571428571,0.262243177987335,45299,71.6545943673254
"Grants Pass, OR MSA",87487,0.939038274852208,0.0892857142857143,0.383211219952679,57175,42.9569341633507
"Columbus, IN MSA",83779,0.893694913551176,0.632142857142857,0.475083254753578,26385,88.3332037605115
"Elmira, NY MSA",83456,0.996936893364138,0.233928571428571,0.465742427147239,53490,55.674671584829
"Bloomsburg-Berwick, PA MSA",83194,0.899577677115384,0.435714285714286,0.497307498136885,34615,76.5109526779905
"Midland, MI MSA",83156,0.995281030720515,0.435714285714286,0.47480638799365,52140,68.0057270699783
"Kokomo, IN MSA",82544,0.964449617064264,0.632142857142857,0.372564935064935,52099,78.3336370364369
"Great Falls, MT MSA",81366,0.984591923513526,0.260714285714286,0.410724381191161,55104,54.2349245136854
"Hinesville, GA MSA",80994,0.957818434318094,0.2875,0.194890979578734,68881,43.0638862101792
"Casper, WY MSA",79858,0.950687504316321,0.510714285714286,0.318390142502943,54363,68.4683091158186
"Danville, IL MSA",75758,0.991501289335046,0.282142857142857,0.323424588822303,58678,49.5307720283214
"Grand Island, NE MSA",75553,0.972167880969172,0.435714285714286,0.385636573001734,50672,64.9643529912293
"Lewiston, ID-WA MSA",62990,0.939586280570377,0.214216769101671,0.361311319257025,41849,49.9941215661266
"Enid, OK MSA",61056,0.977248420023237,0.251785714285714,0.333071278825996,45442,48.715712874241
"Walla Walla, WA MSA",60760,0.821225966696964,0.121428571428571,0.496395655036208,23613,62.5815217825237
"Carson City, NV MSA",55916,0.989144769868636,0.0214285714285714,0.500447099220259,33457,46.7251604653895
